grid_id,NDVI,geom,Year
0,0.2223498948946298,"{'type': 'Polygon', 'coordinates': [[[-588000.0, -110000.0], [-586000.0, -110000.0], [-586000.0, -108000.0], [-588000.0, -108000.0], [-588000.0, -110000.0]]]}",2000
1,0.3010859504218203,"{'type': 'Polygon', 'coordinates': [[[-586000.0, -110000.0], [-584000.0, -110000.0], [-584000.0, -108000.0], [-586000.0, -108000.0], [-586000.0, -110000.0]]]}",2000
2,0.3130727395989123,"{'type': 'Polygon', 'coordinates': [[[-584000.0, -110000.0], [-582000.0, -110000.0], [-582000.0, -108000.0], [-584000.0, -108000.0], [-584000.0, -110000.0]]]}",2000
3,0.2550263697115616,"{'type': 'Polygon', 'coordinates': [[[-582000.0, -110000.0], [-580000.0, -110000.0], [-580000.0, -108000.0], [-582000.0, -108000.0], [-582000.0, -110000.0]]]}",2000
4,0.2546874438767214,"{'type': 'Polygon', 'coordinates': [[[-588000.0, -108000.0], [-586000.0, -108000.0], [-586000.0, -106000.0], [-588000.0, -106000.0], [-588000.0, -108000.0]]]}",2000
5,0.3057399787225247,"{'type': 'Polygon', 'coordinates': [[[-586000.0, -108000.0], [-584000.0, -108000.0], [-584000.0, -106000.0], [-586000.0, -106000.0], [-586000.0, -108000.0]]]}",2000
6,0.264429812657082,"{'type': 'Polygon', 'coordinates': [[[-584000.0, -108000.0], [-582000.0, -108000.0], [-582000.0, -106000.0], [-584000.0, -106000.0], [-584000.0, -108000.0]]]}",2000
7,0.278368376653079,"{'type': 'Polygon', 'coordinates': [[[-582000.0, -108000.0], [-580000.0, -108000.0], [-580000.0, -106000.0], [-582000.0, -106000.0], [-582000.0, -108000.0]]]}",2000
8,0.2514914379372838,"{'type': 'Polygon', 'coordinates': [[[-588000.0, -106000.0], [-586000.0, -106000.0], [-586000.0, -104000.0], [-588000.0, -104000.0], [-588000.0, -106000.0]]]}",2000
9,0.255537816315906,"{'type': 'Polygon', 'coordinates': [[[-586000.0, -106000.0], [-584000.0, -106000.0], [-584000.0, -104000.0], [-586000.0, -104000.0], [-586000.0, -106000.0]]]}",2000
10,0.2993091629520978,"{'type': 'Polygon', 'coordinates': [[[-584000.0, -106000.0], [-582000.0, -106000.0], [-582000.0, -104000.0], [-584000.0, -104000.0], [-584000.0, -106000.0]]]}",2000
11,0.3376702371684392,"{'type': 'Polygon', 'coordinates': [[[-582000.0, -106000.0], [-580000.0, -106000.0], [-580000.0, -104000.0], [-582000.0, -104000.0], [-582000.0, -106000.0]]]}",2000
12,0.1921017636076227,"{'type': 'Polygon', 'coordinates': [[[-588000.0, -104000.0], [-586000.0, -104000.0], [-586000.0, -102000.0], [-588000.0, -102000.0], [-588000.0, -104000.0]]]}",2000
13,0.2326187090812829,"{'type': 'Polygon', 'coordinates': [[[-586000.0, -104000.0], [-584000.0, -104000.0], [-584000.0, -102000.0], [-586000.0, -102000.0], [-586000.0, -104000.0]]]}",2000
14,0.2614644651512166,"{'type': 'Polygon', 'coordinates': [[[-584000.0, -104000.0], [-582000.0, -104000.0], [-582000.0, -102000.0], [-584000.0, -102000.0], [-584000.0, -104000.0]]]}",2000
15,0.3509155771911158,"{'type': 'Polygon', 'coordinates': [[[-582000.0, -104000.0], [-580000.0, -104000.0], [-580000.0, -102000.0], [-582000.0, -102000.0], [-582000.0, -104000.0]]]}",2000
0,0.2230806510367096,"{'type': 'Polygon', 'coordinates': [[[-588000.0, -110000.0], [-586000.0, -110000.0], [-586000.0, -108000.0], [-588000.0, -108000.0], [-588000.0, -110000.0]]]}",2001
1,0.3198357558145288,"{'type': 'Polygon', 'coordinates': [[[-586000.0, -110000.0], [-584000.0, -110000.0], [-584000.0, -108000.0], [-586000.0, -108000.0], [-586000.0, -110000.0]]]}",2001
2,0.322796330130961,"{'type': 'Polygon', 'coordinates': [[[-584000.0, -110000.0], [-582000.0, -110000.0], [-582000.0, -108000.0], [-584000.0, -108000.0], [-584000.0, -110000.0]]]}",2001
3,0.3122746197979774,"{'type': 'Polygon', 'coordinates': [[[-582000.0, -110000.0], [-580000.0, -110000.0], [-580000.0, -108000.0], [-582000.0, -108000.0], [-582000.0, -110000.0]]]}",2001
4,0.2461413209243014,"{'type': 'Polygon', 'coordinates': [[[-588000.0, -108000.0], [-586000.0, -108000.0], [-586000.0, -106000.0], [-588000.0, -106000.0], [-588000.0, -108000.0]]]}",2001
5,0.295137381973986,"{'type': 'Polygon', 'coordinates': [[[-586000.0, -108000.0], [-584000.0, -108000.0], [-584000.0, -106000.0], [-586000.0, -106000.0], [-586000.0, -108000.0]]]}",2001
6,0.2639700373503406,"{'type': 'Polygon', 'coordinates': [[[-584000.0, -108000.0], [-582000.0, -108000.0], [-582000.0, -106000.0], [-584000.0, -106000.0], [-584000.0, -108000.0]]]}",2001
7,0.2809262668998741,"{'type': 'Polygon', 'coordinates': [[[-582000.0, -108000.0], [-580000.0, -108000.0], [-580000.0, -106000.0], [-582000.0, -106000.0], [-582000.0, -108000.0]]]}",2001
8,0.2386786981554287,"{'type': 'Polygon', 'coordinates': [[[-588000.0, -106000.0], [-586000.0, -106000.0], [-586000.0, -104000.0], [-588000.0, -104000.0], [-588000.0, -106000.0]]]}",2001
9,0.2942488000928179,"{'type': 'Polygon', 'coordinates': [[[-586000.0, -106000.0], [-584000.0, -106000.0], [-584000.0, -104000.0], [-586000.0, -104000.0], [-586000.0, -106000.0]]]}",2001
10,0.2955702263367765,"{'type': 'Polygon', 'coordinates': [[[-584000.0, -106000.0], [-582000.0, -106000.0], [-582000.0, -104000.0], [-584000.0, -104000.0], [-584000.0, -106000.0]]]}",2001
11,0.2962547823928509,"{'type': 'Polygon', 'coordinates': [[[-582000.0, -106000.0], [-580000.0, -106000.0], [-580000.0, -104000.0], [-582000.0, -104000.0], [-582000.0, -106000.0]]]}",2001
12,0.1627722003412011,"{'type': 'Polygon', 'coordinates': [[[-588000.0, -104000.0], [-586000.0, -104000.0], [-586000.0, -102000.0], [-588000.0, -102000.0], [-588000.0, -104000.0]]]}",2001
13,0.2605721577183044,"{'type': 'Polygon', 'coordinates': [[[-586000.0, -104000.0], [-584000.0, -104000.0], [-584000.0, -102000.0], [-586000.0, -102000.0], [-586000.0, -104000.0]]]}",2001
14,0.3102035340761709,"{'type': 'Polygon', 'coordinates': [[[-584000.0, -104000.0], [-582000.0, -104000.0], [-582000.0, -102000.0], [-584000.0, -102000.0], [-584000.0, -104000.0]]]}",2001
15,0.3307183765354536,"{'type': 'Polygon', 'coordinates': [[[-582000.0, -104000.0], [-580000.0, -104000.0], [-580000.0, -102000.0], [-582000.0, -102000.0], [-582000.0, -104000.0]]]}",2001
0,0.2111332271772755,"{'type': 'Polygon', 'coordinates': [[[-588000.0, -110000.0], [-586000.0, -110000.0], [-586000.0, -108000.0], [-588000.0, -108000.0], [-588000.0, -110000.0]]]}",2002
1,0.3179143758408122,"{'type': 'Polygon', 'coordinates': [[[-586000.0, -110000.0], [-584000.0, -110000.0], [-584000.0, -108000.0], [-586000.0, -108000.0], [-586000.0, -110000.0]]]}",2002
2,0.3311693095858907,"{'type': 'Polygon', 'coordinates': [[[-584000.0, -110000.0], [-582000.0, -110000.0], [-582000.0, -108000.0], [-584000.0, -108000.0], [-584000.0, -110000.0]]]}",2002
3,0.3114945290409492,"{'type': 'Polygon', 'coordinates': [[[-582000.0, -110000.0], [-580000.0, -110000.0], [-580000.0, -108000.0], [-582000.0, -108000.0], [-582000.0, -110000.0]]]}",2002
4,0.2528129685794238,"{'type': 'Polygon', 'coordinates': [[[-588000.0, -108000.0], [-586000.0, -108000.0], [-586000.0, -106000.0], [-588000.0, -106000.0], [-588000.0, -108000.0]]]}",2002
5,0.2989417726916168,"{'type': 'Polygon', 'coordinates': [[[-586000.0, -108000.0], [-584000.0, -108000.0], [-584000.0, -106000.0], [-586000.0, -106000.0], [-586000.0, -108000.0]]]}",2002
6,0.2944534624172487,"{'type': 'Polygon', 'coordinates': [[[-584000.0, -108000.0], [-582000.0, -108000.0], [-582000.0, -106000.0], [-584000.0, -106000.0], [-584000.0, -108000.0]]]}",2002
7,0.2979495083383581,"{'type': 'Polygon', 'coordinates': [[[-582000.0, -108000.0], [-580000.0, -108000.0], [-580000.0, -106000.0], [-582000.0, -106000.0], [-582000.0, -108000.0]]]}",2002
8,0.2681643433254615,"{'type': 'Polygon', 'coordinates': [[[-588000.0, -106000.0], [-586000.0, -106000.0], [-586000.0, -104000.0], [-588000.0, -104000.0], [-588000.0, -106000.0]]]}",2002
9,0.2890871354022498,"{'type': 'Polygon', 'coordinates': [[[-586000.0, -106000.0], [-584000.0, -106000.0], [-584000.0, -104000.0], [-586000.0, -104000.0], [-586000.0, -106000.0]]]}",2002
10,0.2934237264716314,"{'type': 'Polygon', 'coordinates': [[[-584000.0, -106000.0], [-582000.0, -106000.0], [-582000.0, -104000.0], [-584000.0, -104000.0], [-584000.0, -106000.0]]]}",2002
11,0.3150725284885672,"{'type': 'Polygon', 'coordinates': [[[-582000.0, -106000.0], [-580000.0, -106000.0], [-580000.0, -104000.0], [-582000.0, -104000.0], [-582000.0, -106000.0]]]}",2002
12,0.1558449286074026,"{'type': 'Polygon', 'coordinates': [[[-588000.0, -104000.0], [-586000.0, -104000.0], [-586000.0, -102000.0], [-588000.0, -102000.0], [-588000.0, -104000.0]]]}",2002
13,0.2520322475943279,"{'type': 'Polygon', 'coordinates': [[[-586000.0, -104000.0], [-584000.0, -104000.0], [-584000.0, -102000.0], [-586000.0, -102000.0], [-586000.0, -104000.0]]]}",2002
14,0.3090015521131779,"{'type': 'Polygon', 'coordinates': [[[-584000.0, -104000.0], [-582000.0, -104000.0], [-582000.0, -102000.0], [-584000.0, -102000.0], [-584000.0, -104000.0]]]}",2002
15,0.3301952897759109,"{'type': 'Polygon', 'coordinates': [[[-582000.0, -104000.0], [-580000.0, -104000.0], [-580000.0, -102000.0], [-582000.0, -102000.0], [-582000.0, -104000.0]]]}",2002
0,0.2268944205761232,"{'type': 'Polygon', 'coordinates': [[[-588000.0, -110000.0], [-586000.0, -110000.0], [-586000.0, -108000.0], [-588000.0, -108000.0], [-588000.0, -110000.0]]]}",2003
1,0.2616731398763229,"{'type': 'Polygon', 'coordinates': [[[-586000.0, -110000.0], [-584000.0, -110000.0], [-584000.0, -108000.0], [-586000.0, -108000.0], [-586000.0, -110000.0]]]}",2003
2,0.2959646039159342,"{'type': 'Polygon', 'coordinates': [[[-584000.0, -110000.0], [-582000.0, -110000.0], [-582000.0, -108000.0], [-584000.0, -108000.0], [-584000.0, -110000.0]]]}",2003
3,0.3538194844316801,"{'type': 'Polygon', 'coordinates': [[[-582000.0, -110000.0], [-580000.0, -110000.0], [-580000.0, -108000.0], [-582000.0, -108000.0], [-582000.0, -110000.0]]]}",2003
4,0.2790459815918617,"{'type': 'Polygon', 'coordinates': [[[-588000.0, -108000.0], [-586000.0, -108000.0], [-586000.0, -106000.0], [-588000.0, -106000.0], [-588000.0, -108000.0]]]}",2003
5,0.2972414753043678,"{'type': 'Polygon', 'coordinates': [[[-586000.0, -108000.0], [-584000.0, -108000.0], [-584000.0, -106000.0], [-586000.0, -106000.0], [-586000.0, -108000.0]]]}",2003
6,0.2680398758791252,"{'type': 'Polygon', 'coordinates': [[[-584000.0, -108000.0], [-582000.0, -108000.0], [-582000.0, -106000.0], [-584000.0, -106000.0], [-584000.0, -108000.0]]]}",2003
7,0.3192731947547891,"{'type': 'Polygon', 'coordinates': [[[-582000.0, -108000.0], [-580000.0, -108000.0], [-580000.0, -106000.0], [-582000.0, -106000.0], [-582000.0, -108000.0]]]}",2003
8,0.2692584820619212,"{'type': 'Polygon', 'coordinates': [[[-588000.0, -106000.0], [-586000.0, -106000.0], [-586000.0, -104000.0], [-588000.0, -104000.0], [-588000.0, -106000.0]]]}",2003
9,0.2954948847748532,"{'type': 'Polygon', 'coordinates': [[[-586000.0, -106000.0], [-584000.0, -106000.0], [-584000.0, -104000.0], [-586000.0, -104000.0], [-586000.0, -106000.0]]]}",2003
10,0.218976471174561,"{'type': 'Polygon', 'coordinates': [[[-584000.0, -106000.0], [-582000.0, -106000.0], [-582000.0, -104000.0], [-584000.0, -104000.0], [-584000.0, -106000.0]]]}",2003
11,0.296237609343,"{'type': 'Polygon', 'coordinates': [[[-582000.0, -106000.0], [-580000.0, -106000.0], [-580000.0, -104000.0], [-582000.0, -104000.0], [-582000.0, -106000.0]]]}",2003
12,0.2227170559519889,"{'type': 'Polygon', 'coordinates': [[[-588000.0, -104000.0], [-586000.0, -104000.0], [-586000.0, -102000.0], [-588000.0, -102000.0], [-588000.0, -104000.0]]]}",2003
13,0.2525853070502783,"{'type': 'Polygon', 'coordinates': [[[-586000.0, -104000.0], [-584000.0, -104000.0], [-584000.0, -102000.0], [-586000.0, -102000.0], [-586000.0, -104000.0]]]}",2003
14,0.2610322910700826,"{'type': 'Polygon', 'coordinates': [[[-584000.0, -104000.0], [-582000.0, -104000.0], [-582000.0, -102000.0], [-584000.0, -102000.0], [-584000.0, -104000.0]]]}",2003
15,0.3239050104087629,"{'type': 'Polygon', 'coordinates': [[[-582000.0, -104000.0], [-580000.0, -104000.0], [-580000.0, -102000.0], [-582000.0, -102000.0], [-582000.0, -104000.0]]]}",2003
0,0.2189274881487785,"{'type': 'Polygon', 'coordinates': [[[-588000.0, -110000.0], [-586000.0, -110000.0], [-586000.0, -108000.0], [-588000.0, -108000.0], [-588000.0, -110000.0]]]}",2004
1,0.312277605580002,"{'type': 'Polygon', 'coordinates': [[[-586000.0, -110000.0], [-584000.0, -110000.0], [-584000.0, -108000.0], [-586000.0, -108000.0], [-586000.0, -110000.0]]]}",2004
2,0.3224720138443423,"{'type': 'Polygon', 'coordinates': [[[-584000.0, -110000.0], [-582000.0, -110000.0], [-582000.0, -108000.0], [-584000.0, -108000.0], [-584000.0, -110000.0]]]}",2004
3,0.3010466437506373,"{'type': 'Polygon', 'coordinates': [[[-582000.0, -110000.0], [-580000.0, -110000.0], [-580000.0, -108000.0], [-582000.0, -108000.0], [-582000.0, -110000.0]]]}",2004
4,0.2760305715265282,"{'type': 'Polygon', 'coordinates': [[[-588000.0, -108000.0], [-586000.0, -108000.0], [-586000.0, -106000.0], [-588000.0, -106000.0], [-588000.0, -108000.0]]]}",2004
5,0.3161296707575212,"{'type': 'Polygon', 'coordinates': [[[-586000.0, -108000.0], [-584000.0, -108000.0], [-584000.0, -106000.0], [-586000.0, -106000.0], [-586000.0, -108000.0]]]}",2004
6,0.2967959375623123,"{'type': 'Polygon', 'coordinates': [[[-584000.0, -108000.0], [-582000.0, -108000.0], [-582000.0, -106000.0], [-584000.0, -106000.0], [-584000.0, -108000.0]]]}",2004
7,0.3015314900313595,"{'type': 'Polygon', 'coordinates': [[[-582000.0, -108000.0], [-580000.0, -108000.0], [-580000.0, -106000.0], [-582000.0, -106000.0], [-582000.0, -108000.0]]]}",2004
8,0.2761708152006327,"{'type': 'Polygon', 'coordinates': [[[-588000.0, -106000.0], [-586000.0, -106000.0], [-586000.0, -104000.0], [-588000.0, -104000.0], [-588000.0, -106000.0]]]}",2004
9,0.3099888763316588,"{'type': 'Polygon', 'coordinates': [[[-586000.0, -106000.0], [-584000.0, -106000.0], [-584000.0, -104000.0], [-586000.0, -104000.0], [-586000.0, -106000.0]]]}",2004
10,0.3121652040667297,"{'type': 'Polygon', 'coordinates': [[[-584000.0, -106000.0], [-582000.0, -106000.0], [-582000.0, -104000.0], [-584000.0, -104000.0], [-584000.0, -106000.0]]]}",2004
11,0.3279901123647689,"{'type': 'Polygon', 'coordinates': [[[-582000.0, -106000.0], [-580000.0, -106000.0], [-580000.0, -104000.0], [-582000.0, -104000.0], [-582000.0, -106000.0]]]}",2004
12,0.1744778197396418,"{'type': 'Polygon', 'coordinates': [[[-588000.0, -104000.0], [-586000.0, -104000.0], [-586000.0, -102000.0], [-588000.0, -102000.0], [-588000.0, -104000.0]]]}",2004
13,0.2526859755629084,"{'type': 'Polygon', 'coordinates': [[[-586000.0, -104000.0], [-584000.0, -104000.0], [-584000.0, -102000.0], [-586000.0, -102000.0], [-586000.0, -104000.0]]]}",2004
14,0.3381128002814763,"{'type': 'Polygon', 'coordinates': [[[-584000.0, -104000.0], [-582000.0, -104000.0], [-582000.0, -102000.0], [-584000.0, -102000.0], [-584000.0, -104000.0]]]}",2004
15,0.3251175670660686,"{'type': 'Polygon', 'coordinates': [[[-582000.0, -104000.0], [-580000.0, -104000.0], [-580000.0, -102000.0], [-582000.0, -102000.0], [-582000.0, -104000.0]]]}",2004
0,0.2508246570843904,"{'type': 'Polygon', 'coordinates': [[[-588000.0, -110000.0], [-586000.0, -110000.0], [-586000.0, -108000.0], [-588000.0, -108000.0], [-588000.0, -110000.0]]]}",2005
1,0.3334632366373466,"{'type': 'Polygon', 'coordinates': [[[-586000.0, -110000.0], [-584000.0, -110000.0], [-584000.0, -108000.0], [-586000.0, -108000.0], [-586000.0, -110000.0]]]}",2005
2,0.3379925806856903,"{'type': 'Polygon', 'coordinates': [[[-584000.0, -110000.0], [-582000.0, -110000.0], [-582000.0, -108000.0], [-584000.0, -108000.0], [-584000.0, -110000.0]]]}",2005
3,0.3211095094458729,"{'type': 'Polygon', 'coordinates': [[[-582000.0, -110000.0], [-580000.0, -110000.0], [-580000.0, -108000.0], [-582000.0, -108000.0], [-582000.0, -110000.0]]]}",2005
4,0.2617205995567608,"{'type': 'Polygon', 'coordinates': [[[-588000.0, -108000.0], [-586000.0, -108000.0], [-586000.0, -106000.0], [-588000.0, -106000.0], [-588000.0, -108000.0]]]}",2005
5,0.334377204111218,"{'type': 'Polygon', 'coordinates': [[[-586000.0, -108000.0], [-584000.0, -108000.0], [-584000.0, -106000.0], [-586000.0, -106000.0], [-586000.0, -108000.0]]]}",2005
6,0.317695647990632,"{'type': 'Polygon', 'coordinates': [[[-584000.0, -108000.0], [-582000.0, -108000.0], [-582000.0, -106000.0], [-584000.0, -106000.0], [-584000.0, -108000.0]]]}",2005
7,0.3164656084379534,"{'type': 'Polygon', 'coordinates': [[[-582000.0, -108000.0], [-580000.0, -108000.0], [-580000.0, -106000.0], [-582000.0, -106000.0], [-582000.0, -108000.0]]]}",2005
8,0.2800495195991905,"{'type': 'Polygon', 'coordinates': [[[-588000.0, -106000.0], [-586000.0, -106000.0], [-586000.0, -104000.0], [-588000.0, -104000.0], [-588000.0, -106000.0]]]}",2005
9,0.3136587000977073,"{'type': 'Polygon', 'coordinates': [[[-586000.0, -106000.0], [-584000.0, -106000.0], [-584000.0, -104000.0], [-586000.0, -104000.0], [-586000.0, -106000.0]]]}",2005
10,0.327359210728889,"{'type': 'Polygon', 'coordinates': [[[-584000.0, -106000.0], [-582000.0, -106000.0], [-582000.0, -104000.0], [-584000.0, -104000.0], [-584000.0, -106000.0]]]}",2005
11,0.3335070811023085,"{'type': 'Polygon', 'coordinates': [[[-582000.0, -106000.0], [-580000.0, -106000.0], [-580000.0, -104000.0], [-582000.0, -104000.0], [-582000.0, -106000.0]]]}",2005
12,0.16296946097964,"{'type': 'Polygon', 'coordinates': [[[-588000.0, -104000.0], [-586000.0, -104000.0], [-586000.0, -102000.0], [-588000.0, -102000.0], [-588000.0, -104000.0]]]}",2005
13,0.264511248148562,"{'type': 'Polygon', 'coordinates': [[[-586000.0, -104000.0], [-584000.0, -104000.0], [-584000.0, -102000.0], [-586000.0, -102000.0], [-586000.0, -104000.0]]]}",2005
14,0.332005363867466,"{'type': 'Polygon', 'coordinates': [[[-584000.0, -104000.0], [-582000.0, -104000.0], [-582000.0, -102000.0], [-584000.0, -102000.0], [-584000.0, -104000.0]]]}",2005
15,0.3315416979078437,"{'type': 'Polygon', 'coordinates': [[[-582000.0, -104000.0], [-580000.0, -104000.0], [-580000.0, -102000.0], [-582000.0, -102000.0], [-582000.0, -104000.0]]]}",2005
0,0.2074557595485241,"{'type': 'Polygon', 'coordinates': [[[-588000.0, -110000.0], [-586000.0, -110000.0], [-586000.0, -108000.0], [-588000.0, -108000.0], [-588000.0, -110000.0]]]}",2006
1,0.283918217114913,"{'type': 'Polygon', 'coordinates': [[[-586000.0, -110000.0], [-584000.0, -110000.0], [-584000.0, -108000.0], [-586000.0, -108000.0], [-586000.0, -110000.0]]]}",2006
2,0.3490601385182184,"{'type': 'Polygon', 'coordinates': [[[-584000.0, -110000.0], [-582000.0, -110000.0], [-582000.0, -108000.0], [-584000.0, -108000.0], [-584000.0, -110000.0]]]}",2006
3,0.3074274441409605,"{'type': 'Polygon', 'coordinates': [[[-582000.0, -110000.0], [-580000.0, -110000.0], [-580000.0, -108000.0], [-582000.0, -108000.0], [-582000.0, -110000.0]]]}",2006
4,0.2725910274191213,"{'type': 'Polygon', 'coordinates': [[[-588000.0, -108000.0], [-586000.0, -108000.0], [-586000.0, -106000.0], [-588000.0, -106000.0], [-588000.0, -108000.0]]]}",2006
5,0.3114030400582178,"{'type': 'Polygon', 'coordinates': [[[-586000.0, -108000.0], [-584000.0, -108000.0], [-584000.0, -106000.0], [-586000.0, -106000.0], [-586000.0, -108000.0]]]}",2006
6,0.298680703219439,"{'type': 'Polygon', 'coordinates': [[[-584000.0, -108000.0], [-582000.0, -108000.0], [-582000.0, -106000.0], [-584000.0, -106000.0], [-584000.0, -108000.0]]]}",2006
7,0.3095608178829501,"{'type': 'Polygon', 'coordinates': [[[-582000.0, -108000.0], [-580000.0, -108000.0], [-580000.0, -106000.0], [-582000.0, -106000.0], [-582000.0, -108000.0]]]}",2006
8,0.280366884448896,"{'type': 'Polygon', 'coordinates': [[[-588000.0, -106000.0], [-586000.0, -106000.0], [-586000.0, -104000.0], [-588000.0, -104000.0], [-588000.0, -106000.0]]]}",2006
9,0.3037305131219709,"{'type': 'Polygon', 'coordinates': [[[-586000.0, -106000.0], [-584000.0, -106000.0], [-584000.0, -104000.0], [-586000.0, -104000.0], [-586000.0, -106000.0]]]}",2006
10,0.3114716881292877,"{'type': 'Polygon', 'coordinates': [[[-584000.0, -106000.0], [-582000.0, -106000.0], [-582000.0, -104000.0], [-584000.0, -104000.0], [-584000.0, -106000.0]]]}",2006
11,0.3396052753413083,"{'type': 'Polygon', 'coordinates': [[[-582000.0, -106000.0], [-580000.0, -106000.0], [-580000.0, -104000.0], [-582000.0, -104000.0], [-582000.0, -106000.0]]]}",2006
12,0.1859052713590643,"{'type': 'Polygon', 'coordinates': [[[-588000.0, -104000.0], [-586000.0, -104000.0], [-586000.0, -102000.0], [-588000.0, -102000.0], [-588000.0, -104000.0]]]}",2006
13,0.2482094732471691,"{'type': 'Polygon', 'coordinates': [[[-586000.0, -104000.0], [-584000.0, -104000.0], [-584000.0, -102000.0], [-586000.0, -102000.0], [-586000.0, -104000.0]]]}",2006
14,0.3267043209052215,"{'type': 'Polygon', 'coordinates': [[[-584000.0, -104000.0], [-582000.0, -104000.0], [-582000.0, -102000.0], [-584000.0, -102000.0], [-584000.0, -104000.0]]]}",2006
15,0.3430755551337811,"{'type': 'Polygon', 'coordinates': [[[-582000.0, -104000.0], [-580000.0, -104000.0], [-580000.0, -102000.0], [-582000.0, -102000.0], [-582000.0, -104000.0]]]}",2006
0,0.2642801087380078,"{'type': 'Polygon', 'coordinates': [[[-588000.0, -110000.0], [-586000.0, -110000.0], [-586000.0, -108000.0], [-588000.0, -108000.0], [-588000.0, -110000.0]]]}",2007
1,0.353808225560044,"{'type': 'Polygon', 'coordinates': [[[-586000.0, -110000.0], [-584000.0, -110000.0], [-584000.0, -108000.0], [-586000.0, -108000.0], [-586000.0, -110000.0]]]}",2007
2,0.3082886650620928,"{'type': 'Polygon', 'coordinates': [[[-584000.0, -110000.0], [-582000.0, -110000.0], [-582000.0, -108000.0], [-584000.0, -108000.0], [-584000.0, -110000.0]]]}",2007
3,0.3279003839975791,"{'type': 'Polygon', 'coordinates': [[[-582000.0, -110000.0], [-580000.0, -110000.0], [-580000.0, -108000.0], [-582000.0, -108000.0], [-582000.0, -110000.0]]]}",2007
4,0.2881517925577762,"{'type': 'Polygon', 'coordinates': [[[-588000.0, -108000.0], [-586000.0, -108000.0], [-586000.0, -106000.0], [-588000.0, -106000.0], [-588000.0, -108000.0]]]}",2007
5,0.3393484298936986,"{'type': 'Polygon', 'coordinates': [[[-586000.0, -108000.0], [-584000.0, -108000.0], [-584000.0, -106000.0], [-586000.0, -106000.0], [-586000.0, -108000.0]]]}",2007
6,0.2616590984740244,"{'type': 'Polygon', 'coordinates': [[[-584000.0, -108000.0], [-582000.0, -108000.0], [-582000.0, -106000.0], [-584000.0, -106000.0], [-584000.0, -108000.0]]]}",2007
7,0.2777990926808042,"{'type': 'Polygon', 'coordinates': [[[-582000.0, -108000.0], [-580000.0, -108000.0], [-580000.0, -106000.0], [-582000.0, -106000.0], [-582000.0, -108000.0]]]}",2007
8,0.3068162022365401,"{'type': 'Polygon', 'coordinates': [[[-588000.0, -106000.0], [-586000.0, -106000.0], [-586000.0, -104000.0], [-588000.0, -104000.0], [-588000.0, -106000.0]]]}",2007
9,0.2849188086816341,"{'type': 'Polygon', 'coordinates': [[[-586000.0, -106000.0], [-584000.0, -106000.0], [-584000.0, -104000.0], [-586000.0, -104000.0], [-586000.0, -106000.0]]]}",2007
10,0.293218696566236,"{'type': 'Polygon', 'coordinates': [[[-584000.0, -106000.0], [-582000.0, -106000.0], [-582000.0, -104000.0], [-584000.0, -104000.0], [-584000.0, -106000.0]]]}",2007
11,0.3183564185038519,"{'type': 'Polygon', 'coordinates': [[[-582000.0, -106000.0], [-580000.0, -106000.0], [-580000.0, -104000.0], [-582000.0, -104000.0], [-582000.0, -106000.0]]]}",2007
12,0.1849912741796521,"{'type': 'Polygon', 'coordinates': [[[-588000.0, -104000.0], [-586000.0, -104000.0], [-586000.0, -102000.0], [-588000.0, -102000.0], [-588000.0, -104000.0]]]}",2007
13,0.274081191123798,"{'type': 'Polygon', 'coordinates': [[[-586000.0, -104000.0], [-584000.0, -104000.0], [-584000.0, -102000.0], [-586000.0, -102000.0], [-586000.0, -104000.0]]]}",2007
14,0.3391642188176521,"{'type': 'Polygon', 'coordinates': [[[-584000.0, -104000.0], [-582000.0, -104000.0], [-582000.0, -102000.0], [-584000.0, -102000.0], [-584000.0, -104000.0]]]}",2007
15,0.3374769414273872,"{'type': 'Polygon', 'coordinates': [[[-582000.0, -104000.0], [-580000.0, -104000.0], [-580000.0, -102000.0], [-582000.0, -102000.0], [-582000.0, -104000.0]]]}",2007
0,0.2339451136227886,"{'type': 'Polygon', 'coordinates': [[[-588000.0, -110000.0], [-586000.0, -110000.0], [-586000.0, -108000.0], [-588000.0, -108000.0], [-588000.0, -110000.0]]]}",2008
1,0.3244731647591279,"{'type': 'Polygon', 'coordinates': [[[-586000.0, -110000.0], [-584000.0, -110000.0], [-584000.0, -108000.0], [-586000.0, -108000.0], [-586000.0, -110000.0]]]}",2008
2,0.3329013198466517,"{'type': 'Polygon', 'coordinates': [[[-584000.0, -110000.0], [-582000.0, -110000.0], [-582000.0, -108000.0], [-584000.0, -108000.0], [-584000.0, -110000.0]]]}",2008
3,0.3304696572582559,"{'type': 'Polygon', 'coordinates': [[[-582000.0, -110000.0], [-580000.0, -110000.0], [-580000.0, -108000.0], [-582000.0, -108000.0], [-582000.0, -110000.0]]]}",2008
4,0.2622309796507032,"{'type': 'Polygon', 'coordinates': [[[-588000.0, -108000.0], [-586000.0, -108000.0], [-586000.0, -106000.0], [-588000.0, -106000.0], [-588000.0, -108000.0]]]}",2008
5,0.311755166524116,"{'type': 'Polygon', 'coordinates': [[[-586000.0, -108000.0], [-584000.0, -108000.0], [-584000.0, -106000.0], [-586000.0, -106000.0], [-586000.0, -108000.0]]]}",2008
6,0.286540286298499,"{'type': 'Polygon', 'coordinates': [[[-584000.0, -108000.0], [-582000.0, -108000.0], [-582000.0, -106000.0], [-584000.0, -106000.0], [-584000.0, -108000.0]]]}",2008
7,0.3124682499843674,"{'type': 'Polygon', 'coordinates': [[[-582000.0, -108000.0], [-580000.0, -108000.0], [-580000.0, -106000.0], [-582000.0, -106000.0], [-582000.0, -108000.0]]]}",2008
8,0.263341360618791,"{'type': 'Polygon', 'coordinates': [[[-588000.0, -106000.0], [-586000.0, -106000.0], [-586000.0, -104000.0], [-588000.0, -104000.0], [-588000.0, -106000.0]]]}",2008
9,0.3052898789034465,"{'type': 'Polygon', 'coordinates': [[[-586000.0, -106000.0], [-584000.0, -106000.0], [-584000.0, -104000.0], [-586000.0, -104000.0], [-586000.0, -106000.0]]]}",2008
10,0.3154392292335972,"{'type': 'Polygon', 'coordinates': [[[-584000.0, -106000.0], [-582000.0, -106000.0], [-582000.0, -104000.0], [-584000.0, -104000.0], [-584000.0, -106000.0]]]}",2008
11,0.3573694727926547,"{'type': 'Polygon', 'coordinates': [[[-582000.0, -106000.0], [-580000.0, -106000.0], [-580000.0, -104000.0], [-582000.0, -104000.0], [-582000.0, -106000.0]]]}",2008
12,0.1628212931173275,"{'type': 'Polygon', 'coordinates': [[[-588000.0, -104000.0], [-586000.0, -104000.0], [-586000.0, -102000.0], [-588000.0, -102000.0], [-588000.0, -104000.0]]]}",2008
13,0.2576280520716425,"{'type': 'Polygon', 'coordinates': [[[-586000.0, -104000.0], [-584000.0, -104000.0], [-584000.0, -102000.0], [-586000.0, -102000.0], [-586000.0, -104000.0]]]}",2008
14,0.3329854227211876,"{'type': 'Polygon', 'coordinates': [[[-584000.0, -104000.0], [-582000.0, -104000.0], [-582000.0, -102000.0], [-584000.0, -102000.0], [-584000.0, -104000.0]]]}",2008
15,0.3548992235648818,"{'type': 'Polygon', 'coordinates': [[[-582000.0, -104000.0], [-580000.0, -104000.0], [-580000.0, -102000.0], [-582000.0, -102000.0], [-582000.0, -104000.0]]]}",2008
0,0.2297214977353155,"{'type': 'Polygon', 'coordinates': [[[-588000.0, -110000.0], [-586000.0, -110000.0], [-586000.0, -108000.0], [-588000.0, -108000.0], [-588000.0, -110000.0]]]}",2009
1,0.3355176106174589,"{'type': 'Polygon', 'coordinates': [[[-586000.0, -110000.0], [-584000.0, -110000.0], [-584000.0, -108000.0], [-586000.0, -108000.0], [-586000.0, -110000.0]]]}",2009
2,0.3473926478860596,"{'type': 'Polygon', 'coordinates': [[[-584000.0, -110000.0], [-582000.0, -110000.0], [-582000.0, -108000.0], [-584000.0, -108000.0], [-584000.0, -110000.0]]]}",2009
3,0.3347000212393234,"{'type': 'Polygon', 'coordinates': [[[-582000.0, -110000.0], [-580000.0, -110000.0], [-580000.0, -108000.0], [-582000.0, -108000.0], [-582000.0, -110000.0]]]}",2009
4,0.2686457492430153,"{'type': 'Polygon', 'coordinates': [[[-588000.0, -108000.0], [-586000.0, -108000.0], [-586000.0, -106000.0], [-588000.0, -106000.0], [-588000.0, -108000.0]]]}",2009
5,0.3350150257148657,"{'type': 'Polygon', 'coordinates': [[[-586000.0, -108000.0], [-584000.0, -108000.0], [-584000.0, -106000.0], [-586000.0, -106000.0], [-586000.0, -108000.0]]]}",2009
6,0.3006249509995403,"{'type': 'Polygon', 'coordinates': [[[-584000.0, -108000.0], [-582000.0, -108000.0], [-582000.0, -106000.0], [-584000.0, -106000.0], [-584000.0, -108000.0]]]}",2009
7,0.3103896927946639,"{'type': 'Polygon', 'coordinates': [[[-582000.0, -108000.0], [-580000.0, -108000.0], [-580000.0, -106000.0], [-582000.0, -106000.0], [-582000.0, -108000.0]]]}",2009
8,0.2674348791646911,"{'type': 'Polygon', 'coordinates': [[[-588000.0, -106000.0], [-586000.0, -106000.0], [-586000.0, -104000.0], [-588000.0, -104000.0], [-588000.0, -106000.0]]]}",2009
9,0.3096197770987733,"{'type': 'Polygon', 'coordinates': [[[-586000.0, -106000.0], [-584000.0, -106000.0], [-584000.0, -104000.0], [-586000.0, -104000.0], [-586000.0, -106000.0]]]}",2009
10,0.320040452658753,"{'type': 'Polygon', 'coordinates': [[[-584000.0, -106000.0], [-582000.0, -106000.0], [-582000.0, -104000.0], [-584000.0, -104000.0], [-584000.0, -106000.0]]]}",2009
11,0.3469423244441322,"{'type': 'Polygon', 'coordinates': [[[-582000.0, -106000.0], [-580000.0, -106000.0], [-580000.0, -104000.0], [-582000.0, -104000.0], [-582000.0, -106000.0]]]}",2009
12,0.1713273974919134,"{'type': 'Polygon', 'coordinates': [[[-588000.0, -104000.0], [-586000.0, -104000.0], [-586000.0, -102000.0], [-588000.0, -102000.0], [-588000.0, -104000.0]]]}",2009
13,0.2408404092950445,"{'type': 'Polygon', 'coordinates': [[[-586000.0, -104000.0], [-584000.0, -104000.0], [-584000.0, -102000.0], [-586000.0, -102000.0], [-586000.0, -104000.0]]]}",2009
14,0.3161063776379141,"{'type': 'Polygon', 'coordinates': [[[-584000.0, -104000.0], [-582000.0, -104000.0], [-582000.0, -102000.0], [-584000.0, -102000.0], [-584000.0, -104000.0]]]}",2009
15,0.3563410080762449,"{'type': 'Polygon', 'coordinates': [[[-582000.0, -104000.0], [-580000.0, -104000.0], [-580000.0, -102000.0], [-582000.0, -102000.0], [-582000.0, -104000.0]]]}",2009
0,0.2458921571239997,"{'type': 'Polygon', 'coordinates': [[[-588000.0, -110000.0], [-586000.0, -110000.0], [-586000.0, -108000.0], [-588000.0, -108000.0], [-588000.0, -110000.0]]]}",2010
1,0.3203842640256703,"{'type': 'Polygon', 'coordinates': [[[-586000.0, -110000.0], [-584000.0, -110000.0], [-584000.0, -108000.0], [-586000.0, -108000.0], [-586000.0, -110000.0]]]}",2010
2,0.3365013771020945,"{'type': 'Polygon', 'coordinates': [[[-584000.0, -110000.0], [-582000.0, -110000.0], [-582000.0, -108000.0], [-584000.0, -108000.0], [-584000.0, -110000.0]]]}",2010
3,0.3333836714249414,"{'type': 'Polygon', 'coordinates': [[[-582000.0, -110000.0], [-580000.0, -110000.0], [-580000.0, -108000.0], [-582000.0, -108000.0], [-582000.0, -110000.0]]]}",2010
4,0.26984622416765,"{'type': 'Polygon', 'coordinates': [[[-588000.0, -108000.0], [-586000.0, -108000.0], [-586000.0, -106000.0], [-588000.0, -106000.0], [-588000.0, -108000.0]]]}",2010
5,0.319763165775698,"{'type': 'Polygon', 'coordinates': [[[-586000.0, -108000.0], [-584000.0, -108000.0], [-584000.0, -106000.0], [-586000.0, -106000.0], [-586000.0, -108000.0]]]}",2010
6,0.2878805624005091,"{'type': 'Polygon', 'coordinates': [[[-584000.0, -108000.0], [-582000.0, -108000.0], [-582000.0, -106000.0], [-584000.0, -106000.0], [-584000.0, -108000.0]]]}",2010
7,0.2997062505931707,"{'type': 'Polygon', 'coordinates': [[[-582000.0, -108000.0], [-580000.0, -108000.0], [-580000.0, -106000.0], [-582000.0, -106000.0], [-582000.0, -108000.0]]]}",2010
8,0.2775109492595933,"{'type': 'Polygon', 'coordinates': [[[-588000.0, -106000.0], [-586000.0, -106000.0], [-586000.0, -104000.0], [-588000.0, -104000.0], [-588000.0, -106000.0]]]}",2010
9,0.2956524420431496,"{'type': 'Polygon', 'coordinates': [[[-586000.0, -106000.0], [-584000.0, -106000.0], [-584000.0, -104000.0], [-586000.0, -104000.0], [-586000.0, -106000.0]]]}",2010
10,0.298946794741097,"{'type': 'Polygon', 'coordinates': [[[-584000.0, -106000.0], [-582000.0, -106000.0], [-582000.0, -104000.0], [-584000.0, -104000.0], [-584000.0, -106000.0]]]}",2010
11,0.3408223567565522,"{'type': 'Polygon', 'coordinates': [[[-582000.0, -106000.0], [-580000.0, -106000.0], [-580000.0, -104000.0], [-582000.0, -104000.0], [-582000.0, -106000.0]]]}",2010
12,0.163426304484223,"{'type': 'Polygon', 'coordinates': [[[-588000.0, -104000.0], [-586000.0, -104000.0], [-586000.0, -102000.0], [-588000.0, -102000.0], [-588000.0, -104000.0]]]}",2010
13,0.2578067100705706,"{'type': 'Polygon', 'coordinates': [[[-586000.0, -104000.0], [-584000.0, -104000.0], [-584000.0, -102000.0], [-586000.0, -102000.0], [-586000.0, -104000.0]]]}",2010
14,0.3208869178954956,"{'type': 'Polygon', 'coordinates': [[[-584000.0, -104000.0], [-582000.0, -104000.0], [-582000.0, -102000.0], [-584000.0, -102000.0], [-584000.0, -104000.0]]]}",2010
15,0.3400324950078398,"{'type': 'Polygon', 'coordinates': [[[-582000.0, -104000.0], [-580000.0, -104000.0], [-580000.0, -102000.0], [-582000.0, -102000.0], [-582000.0, -104000.0]]]}",2010
0,0.2601161259219359,"{'type': 'Polygon', 'coordinates': [[[-588000.0, -110000.0], [-586000.0, -110000.0], [-586000.0, -108000.0], [-588000.0, -108000.0], [-588000.0, -110000.0]]]}",2011
1,0.295926679033817,"{'type': 'Polygon', 'coordinates': [[[-586000.0, -110000.0], [-584000.0, -110000.0], [-584000.0, -108000.0], [-586000.0, -108000.0], [-586000.0, -110000.0]]]}",2011
2,0.3125636452848834,"{'type': 'Polygon', 'coordinates': [[[-584000.0, -110000.0], [-582000.0, -110000.0], [-582000.0, -108000.0], [-584000.0, -108000.0], [-584000.0, -110000.0]]]}",2011
3,0.3065959894628391,"{'type': 'Polygon', 'coordinates': [[[-582000.0, -110000.0], [-580000.0, -110000.0], [-580000.0, -108000.0], [-582000.0, -108000.0], [-582000.0, -110000.0]]]}",2011
4,0.2612073643306334,"{'type': 'Polygon', 'coordinates': [[[-588000.0, -108000.0], [-586000.0, -108000.0], [-586000.0, -106000.0], [-588000.0, -106000.0], [-588000.0, -108000.0]]]}",2011
5,0.3095077053607463,"{'type': 'Polygon', 'coordinates': [[[-586000.0, -108000.0], [-584000.0, -108000.0], [-584000.0, -106000.0], [-586000.0, -106000.0], [-586000.0, -108000.0]]]}",2011
6,0.2772837213764214,"{'type': 'Polygon', 'coordinates': [[[-584000.0, -108000.0], [-582000.0, -108000.0], [-582000.0, -106000.0], [-584000.0, -106000.0], [-584000.0, -108000.0]]]}",2011
7,0.3062850829983348,"{'type': 'Polygon', 'coordinates': [[[-582000.0, -108000.0], [-580000.0, -108000.0], [-580000.0, -106000.0], [-582000.0, -106000.0], [-582000.0, -108000.0]]]}",2011
8,0.2843711844245845,"{'type': 'Polygon', 'coordinates': [[[-588000.0, -106000.0], [-586000.0, -106000.0], [-586000.0, -104000.0], [-588000.0, -104000.0], [-588000.0, -106000.0]]]}",2011
9,0.2901625288637969,"{'type': 'Polygon', 'coordinates': [[[-586000.0, -106000.0], [-584000.0, -106000.0], [-584000.0, -104000.0], [-586000.0, -104000.0], [-586000.0, -106000.0]]]}",2011
10,0.3144425535668155,"{'type': 'Polygon', 'coordinates': [[[-584000.0, -106000.0], [-582000.0, -106000.0], [-582000.0, -104000.0], [-584000.0, -104000.0], [-584000.0, -106000.0]]]}",2011
11,0.3604348359631598,"{'type': 'Polygon', 'coordinates': [[[-582000.0, -106000.0], [-580000.0, -106000.0], [-580000.0, -104000.0], [-582000.0, -104000.0], [-582000.0, -106000.0]]]}",2011
12,0.1575674250413126,"{'type': 'Polygon', 'coordinates': [[[-588000.0, -104000.0], [-586000.0, -104000.0], [-586000.0, -102000.0], [-588000.0, -102000.0], [-588000.0, -104000.0]]]}",2011
13,0.241548004315981,"{'type': 'Polygon', 'coordinates': [[[-586000.0, -104000.0], [-584000.0, -104000.0], [-584000.0, -102000.0], [-586000.0, -102000.0], [-586000.0, -104000.0]]]}",2011
14,0.3483070439130242,"{'type': 'Polygon', 'coordinates': [[[-584000.0, -104000.0], [-582000.0, -104000.0], [-582000.0, -102000.0], [-584000.0, -102000.0], [-584000.0, -104000.0]]]}",2011
15,0.3537483186560412,"{'type': 'Polygon', 'coordinates': [[[-582000.0, -104000.0], [-580000.0, -104000.0], [-580000.0, -102000.0], [-582000.0, -102000.0], [-582000.0, -104000.0]]]}",2011
0,0.2085463047128216,"{'type': 'Polygon', 'coordinates': [[[-588000.0, -110000.0], [-586000.0, -110000.0], [-586000.0, -108000.0], [-588000.0, -108000.0], [-588000.0, -110000.0]]]}",2012
1,0.2802233235727964,"{'type': 'Polygon', 'coordinates': [[[-586000.0, -110000.0], [-584000.0, -110000.0], [-584000.0, -108000.0], [-586000.0, -108000.0], [-586000.0, -110000.0]]]}",2012
2,0.307305610615284,"{'type': 'Polygon', 'coordinates': [[[-584000.0, -110000.0], [-582000.0, -110000.0], [-582000.0, -108000.0], [-584000.0, -108000.0], [-584000.0, -110000.0]]]}",2012
3,0.3206664552668865,"{'type': 'Polygon', 'coordinates': [[[-582000.0, -110000.0], [-580000.0, -110000.0], [-580000.0, -108000.0], [-582000.0, -108000.0], [-582000.0, -110000.0]]]}",2012
4,0.2225369482720421,"{'type': 'Polygon', 'coordinates': [[[-588000.0, -108000.0], [-586000.0, -108000.0], [-586000.0, -106000.0], [-588000.0, -106000.0], [-588000.0, -108000.0]]]}",2012
5,0.2710343523387719,"{'type': 'Polygon', 'coordinates': [[[-586000.0, -108000.0], [-584000.0, -108000.0], [-584000.0, -106000.0], [-586000.0, -106000.0], [-586000.0, -108000.0]]]}",2012
6,0.2533235930804439,"{'type': 'Polygon', 'coordinates': [[[-584000.0, -108000.0], [-582000.0, -108000.0], [-582000.0, -106000.0], [-584000.0, -106000.0], [-584000.0, -108000.0]]]}",2012
7,0.277523826597698,"{'type': 'Polygon', 'coordinates': [[[-582000.0, -108000.0], [-580000.0, -108000.0], [-580000.0, -106000.0], [-582000.0, -106000.0], [-582000.0, -108000.0]]]}",2012
8,0.2528747585041215,"{'type': 'Polygon', 'coordinates': [[[-588000.0, -106000.0], [-586000.0, -106000.0], [-586000.0, -104000.0], [-588000.0, -104000.0], [-588000.0, -106000.0]]]}",2012
9,0.2722962383029024,"{'type': 'Polygon', 'coordinates': [[[-586000.0, -106000.0], [-584000.0, -106000.0], [-584000.0, -104000.0], [-586000.0, -104000.0], [-586000.0, -106000.0]]]}",2012
10,0.2816625600002975,"{'type': 'Polygon', 'coordinates': [[[-584000.0, -106000.0], [-582000.0, -106000.0], [-582000.0, -104000.0], [-584000.0, -104000.0], [-584000.0, -106000.0]]]}",2012
11,0.3273395620953215,"{'type': 'Polygon', 'coordinates': [[[-582000.0, -106000.0], [-580000.0, -106000.0], [-580000.0, -104000.0], [-582000.0, -104000.0], [-582000.0, -106000.0]]]}",2012
12,0.1655594955094221,"{'type': 'Polygon', 'coordinates': [[[-588000.0, -104000.0], [-586000.0, -104000.0], [-586000.0, -102000.0], [-588000.0, -102000.0], [-588000.0, -104000.0]]]}",2012
13,0.2314964546918537,"{'type': 'Polygon', 'coordinates': [[[-586000.0, -104000.0], [-584000.0, -104000.0], [-584000.0, -102000.0], [-586000.0, -102000.0], [-586000.0, -104000.0]]]}",2012
14,0.3096617691394444,"{'type': 'Polygon', 'coordinates': [[[-584000.0, -104000.0], [-582000.0, -104000.0], [-582000.0, -102000.0], [-584000.0, -102000.0], [-584000.0, -104000.0]]]}",2012
15,0.3246022406673436,"{'type': 'Polygon', 'coordinates': [[[-582000.0, -104000.0], [-580000.0, -104000.0], [-580000.0, -102000.0], [-582000.0, -102000.0], [-582000.0, -104000.0]]]}",2012
0,0.2257744897329639,"{'type': 'Polygon', 'coordinates': [[[-588000.0, -110000.0], [-586000.0, -110000.0], [-586000.0, -108000.0], [-588000.0, -108000.0], [-588000.0, -110000.0]]]}",2013
1,0.2985763096041703,"{'type': 'Polygon', 'coordinates': [[[-586000.0, -110000.0], [-584000.0, -110000.0], [-584000.0, -108000.0], [-586000.0, -108000.0], [-586000.0, -110000.0]]]}",2013
2,0.3236104124577535,"{'type': 'Polygon', 'coordinates': [[[-584000.0, -110000.0], [-582000.0, -110000.0], [-582000.0, -108000.0], [-584000.0, -108000.0], [-584000.0, -110000.0]]]}",2013
3,0.3267013268256265,"{'type': 'Polygon', 'coordinates': [[[-582000.0, -110000.0], [-580000.0, -110000.0], [-580000.0, -108000.0], [-582000.0, -108000.0], [-582000.0, -110000.0]]]}",2013
4,0.2505238089782108,"{'type': 'Polygon', 'coordinates': [[[-588000.0, -108000.0], [-586000.0, -108000.0], [-586000.0, -106000.0], [-588000.0, -106000.0], [-588000.0, -108000.0]]]}",2013
5,0.2938088450561599,"{'type': 'Polygon', 'coordinates': [[[-586000.0, -108000.0], [-584000.0, -108000.0], [-584000.0, -106000.0], [-586000.0, -106000.0], [-586000.0, -108000.0]]]}",2013
6,0.279419769464945,"{'type': 'Polygon', 'coordinates': [[[-584000.0, -108000.0], [-582000.0, -108000.0], [-582000.0, -106000.0], [-584000.0, -106000.0], [-584000.0, -108000.0]]]}",2013
7,0.2829522543643459,"{'type': 'Polygon', 'coordinates': [[[-582000.0, -108000.0], [-580000.0, -108000.0], [-580000.0, -106000.0], [-582000.0, -106000.0], [-582000.0, -108000.0]]]}",2013
8,0.2416403299127963,"{'type': 'Polygon', 'coordinates': [[[-588000.0, -106000.0], [-586000.0, -106000.0], [-586000.0, -104000.0], [-588000.0, -104000.0], [-588000.0, -106000.0]]]}",2013
9,0.2944407685875858,"{'type': 'Polygon', 'coordinates': [[[-586000.0, -106000.0], [-584000.0, -106000.0], [-584000.0, -104000.0], [-586000.0, -104000.0], [-586000.0, -106000.0]]]}",2013
10,0.2840509021869653,"{'type': 'Polygon', 'coordinates': [[[-584000.0, -106000.0], [-582000.0, -106000.0], [-582000.0, -104000.0], [-584000.0, -104000.0], [-584000.0, -106000.0]]]}",2013
11,0.3306018106493638,"{'type': 'Polygon', 'coordinates': [[[-582000.0, -106000.0], [-580000.0, -106000.0], [-580000.0, -104000.0], [-582000.0, -104000.0], [-582000.0, -106000.0]]]}",2013
12,0.1507465498401873,"{'type': 'Polygon', 'coordinates': [[[-588000.0, -104000.0], [-586000.0, -104000.0], [-586000.0, -102000.0], [-588000.0, -102000.0], [-588000.0, -104000.0]]]}",2013
13,0.237197657164611,"{'type': 'Polygon', 'coordinates': [[[-586000.0, -104000.0], [-584000.0, -104000.0], [-584000.0, -102000.0], [-586000.0, -102000.0], [-586000.0, -104000.0]]]}",2013
14,0.3104074448491418,"{'type': 'Polygon', 'coordinates': [[[-584000.0, -104000.0], [-582000.0, -104000.0], [-582000.0, -102000.0], [-584000.0, -102000.0], [-584000.0, -104000.0]]]}",2013
15,0.33236532935614,"{'type': 'Polygon', 'coordinates': [[[-582000.0, -104000.0], [-580000.0, -104000.0], [-580000.0, -102000.0], [-582000.0, -102000.0], [-582000.0, -104000.0]]]}",2013
0,0.2045623336242024,"{'type': 'Polygon', 'coordinates': [[[-588000.0, -110000.0], [-586000.0, -110000.0], [-586000.0, -108000.0], [-588000.0, -108000.0], [-588000.0, -110000.0]]]}",2014
1,0.2830715977873999,"{'type': 'Polygon', 'coordinates': [[[-586000.0, -110000.0], [-584000.0, -110000.0], [-584000.0, -108000.0], [-586000.0, -108000.0], [-586000.0, -110000.0]]]}",2014
2,0.3052600088422222,"{'type': 'Polygon', 'coordinates': [[[-584000.0, -110000.0], [-582000.0, -110000.0], [-582000.0, -108000.0], [-584000.0, -108000.0], [-584000.0, -110000.0]]]}",2014
3,0.3035910230710885,"{'type': 'Polygon', 'coordinates': [[[-582000.0, -110000.0], [-580000.0, -110000.0], [-580000.0, -108000.0], [-582000.0, -108000.0], [-582000.0, -110000.0]]]}",2014
4,0.2383119759242456,"{'type': 'Polygon', 'coordinates': [[[-588000.0, -108000.0], [-586000.0, -108000.0], [-586000.0, -106000.0], [-588000.0, -106000.0], [-588000.0, -108000.0]]]}",2014
5,0.2857628741764552,"{'type': 'Polygon', 'coordinates': [[[-586000.0, -108000.0], [-584000.0, -108000.0], [-584000.0, -106000.0], [-586000.0, -106000.0], [-586000.0, -108000.0]]]}",2014
6,0.2780379501039202,"{'type': 'Polygon', 'coordinates': [[[-584000.0, -108000.0], [-582000.0, -108000.0], [-582000.0, -106000.0], [-584000.0, -106000.0], [-584000.0, -108000.0]]]}",2014
7,0.2724948154145553,"{'type': 'Polygon', 'coordinates': [[[-582000.0, -108000.0], [-580000.0, -108000.0], [-580000.0, -106000.0], [-582000.0, -106000.0], [-582000.0, -108000.0]]]}",2014
8,0.2297333957808978,"{'type': 'Polygon', 'coordinates': [[[-588000.0, -106000.0], [-586000.0, -106000.0], [-586000.0, -104000.0], [-588000.0, -104000.0], [-588000.0, -106000.0]]]}",2014
9,0.2877744720918801,"{'type': 'Polygon', 'coordinates': [[[-586000.0, -106000.0], [-584000.0, -106000.0], [-584000.0, -104000.0], [-586000.0, -104000.0], [-586000.0, -106000.0]]]}",2014
10,0.2709098194090997,"{'type': 'Polygon', 'coordinates': [[[-584000.0, -106000.0], [-582000.0, -106000.0], [-582000.0, -104000.0], [-584000.0, -104000.0], [-584000.0, -106000.0]]]}",2014
11,0.3327004831642191,"{'type': 'Polygon', 'coordinates': [[[-582000.0, -106000.0], [-580000.0, -106000.0], [-580000.0, -104000.0], [-582000.0, -104000.0], [-582000.0, -106000.0]]]}",2014
12,0.1508953934745003,"{'type': 'Polygon', 'coordinates': [[[-588000.0, -104000.0], [-586000.0, -104000.0], [-586000.0, -102000.0], [-588000.0, -102000.0], [-588000.0, -104000.0]]]}",2014
13,0.2367412911403404,"{'type': 'Polygon', 'coordinates': [[[-586000.0, -104000.0], [-584000.0, -104000.0], [-584000.0, -102000.0], [-586000.0, -102000.0], [-586000.0, -104000.0]]]}",2014
14,0.3215317541034538,"{'type': 'Polygon', 'coordinates': [[[-584000.0, -104000.0], [-582000.0, -104000.0], [-582000.0, -102000.0], [-584000.0, -102000.0], [-584000.0, -104000.0]]]}",2014
15,0.3324956604106211,"{'type': 'Polygon', 'coordinates': [[[-582000.0, -104000.0], [-580000.0, -104000.0], [-580000.0, -102000.0], [-582000.0, -102000.0], [-582000.0, -104000.0]]]}",2014
0,0.1789062589464863,"{'type': 'Polygon', 'coordinates': [[[-588000.0, -110000.0], [-586000.0, -110000.0], [-586000.0, -108000.0], [-588000.0, -108000.0], [-588000.0, -110000.0]]]}",2015
1,0.2699697679042797,"{'type': 'Polygon', 'coordinates': [[[-586000.0, -110000.0], [-584000.0, -110000.0], [-584000.0, -108000.0], [-586000.0, -108000.0], [-586000.0, -110000.0]]]}",2015
2,0.2954415361098577,"{'type': 'Polygon', 'coordinates': [[[-584000.0, -110000.0], [-582000.0, -110000.0], [-582000.0, -108000.0], [-584000.0, -108000.0], [-584000.0, -110000.0]]]}",2015
3,0.3229513061787756,"{'type': 'Polygon', 'coordinates': [[[-582000.0, -110000.0], [-580000.0, -110000.0], [-580000.0, -108000.0], [-582000.0, -108000.0], [-582000.0, -110000.0]]]}",2015
4,0.2250129250737414,"{'type': 'Polygon', 'coordinates': [[[-588000.0, -108000.0], [-586000.0, -108000.0], [-586000.0, -106000.0], [-588000.0, -106000.0], [-588000.0, -108000.0]]]}",2015
5,0.2788199580500412,"{'type': 'Polygon', 'coordinates': [[[-586000.0, -108000.0], [-584000.0, -108000.0], [-584000.0, -106000.0], [-586000.0, -106000.0], [-586000.0, -108000.0]]]}",2015
6,0.2653494454304633,"{'type': 'Polygon', 'coordinates': [[[-584000.0, -108000.0], [-582000.0, -108000.0], [-582000.0, -106000.0], [-584000.0, -106000.0], [-584000.0, -108000.0]]]}",2015
7,0.268820382838261,"{'type': 'Polygon', 'coordinates': [[[-582000.0, -108000.0], [-580000.0, -108000.0], [-580000.0, -106000.0], [-582000.0, -106000.0], [-582000.0, -108000.0]]]}",2015
8,0.2100786449843848,"{'type': 'Polygon', 'coordinates': [[[-588000.0, -106000.0], [-586000.0, -106000.0], [-586000.0, -104000.0], [-588000.0, -104000.0], [-588000.0, -106000.0]]]}",2015
9,0.2711359222255035,"{'type': 'Polygon', 'coordinates': [[[-586000.0, -106000.0], [-584000.0, -106000.0], [-584000.0, -104000.0], [-586000.0, -104000.0], [-586000.0, -106000.0]]]}",2015
10,0.268667820332722,"{'type': 'Polygon', 'coordinates': [[[-584000.0, -106000.0], [-582000.0, -106000.0], [-582000.0, -104000.0], [-584000.0, -104000.0], [-584000.0, -106000.0]]]}",2015
11,0.3269632446218573,"{'type': 'Polygon', 'coordinates': [[[-582000.0, -106000.0], [-580000.0, -106000.0], [-580000.0, -104000.0], [-582000.0, -104000.0], [-582000.0, -106000.0]]]}",2015
12,0.1452911858538575,"{'type': 'Polygon', 'coordinates': [[[-588000.0, -104000.0], [-586000.0, -104000.0], [-586000.0, -102000.0], [-588000.0, -102000.0], [-588000.0, -104000.0]]]}",2015
13,0.2334450713045127,"{'type': 'Polygon', 'coordinates': [[[-586000.0, -104000.0], [-584000.0, -104000.0], [-584000.0, -102000.0], [-586000.0, -102000.0], [-586000.0, -104000.0]]]}",2015
14,0.2959893651532962,"{'type': 'Polygon', 'coordinates': [[[-584000.0, -104000.0], [-582000.0, -104000.0], [-582000.0, -102000.0], [-584000.0, -102000.0], [-584000.0, -104000.0]]]}",2015
15,0.3186079144555079,"{'type': 'Polygon', 'coordinates': [[[-582000.0, -104000.0], [-580000.0, -104000.0], [-580000.0, -102000.0], [-582000.0, -102000.0], [-582000.0, -104000.0]]]}",2015
0,0.153088743277606,"{'type': 'Polygon', 'coordinates': [[[-588000.0, -110000.0], [-586000.0, -110000.0], [-586000.0, -108000.0], [-588000.0, -108000.0], [-588000.0, -110000.0]]]}",2016
1,0.2511841081652645,"{'type': 'Polygon', 'coordinates': [[[-586000.0, -110000.0], [-584000.0, -110000.0], [-584000.0, -108000.0], [-586000.0, -108000.0], [-586000.0, -110000.0]]]}",2016
2,0.2848094087512741,"{'type': 'Polygon', 'coordinates': [[[-584000.0, -110000.0], [-582000.0, -110000.0], [-582000.0, -108000.0], [-584000.0, -108000.0], [-584000.0, -110000.0]]]}",2016
3,0.2876851007201931,"{'type': 'Polygon', 'coordinates': [[[-582000.0, -110000.0], [-580000.0, -110000.0], [-580000.0, -108000.0], [-582000.0, -108000.0], [-582000.0, -110000.0]]]}",2016
4,0.1987138651177073,"{'type': 'Polygon', 'coordinates': [[[-588000.0, -108000.0], [-586000.0, -108000.0], [-586000.0, -106000.0], [-588000.0, -106000.0], [-588000.0, -108000.0]]]}",2016
5,0.2602079707802606,"{'type': 'Polygon', 'coordinates': [[[-586000.0, -108000.0], [-584000.0, -108000.0], [-584000.0, -106000.0], [-586000.0, -106000.0], [-586000.0, -108000.0]]]}",2016
6,0.2365077550188306,"{'type': 'Polygon', 'coordinates': [[[-584000.0, -108000.0], [-582000.0, -108000.0], [-582000.0, -106000.0], [-584000.0, -106000.0], [-584000.0, -108000.0]]]}",2016
7,0.244720896584656,"{'type': 'Polygon', 'coordinates': [[[-582000.0, -108000.0], [-580000.0, -108000.0], [-580000.0, -106000.0], [-582000.0, -106000.0], [-582000.0, -108000.0]]]}",2016
8,0.1969964348512762,"{'type': 'Polygon', 'coordinates': [[[-588000.0, -106000.0], [-586000.0, -106000.0], [-586000.0, -104000.0], [-588000.0, -104000.0], [-588000.0, -106000.0]]]}",2016
9,0.2611248238208594,"{'type': 'Polygon', 'coordinates': [[[-586000.0, -106000.0], [-584000.0, -106000.0], [-584000.0, -104000.0], [-586000.0, -104000.0], [-586000.0, -106000.0]]]}",2016
10,0.2306391028288703,"{'type': 'Polygon', 'coordinates': [[[-584000.0, -106000.0], [-582000.0, -106000.0], [-582000.0, -104000.0], [-584000.0, -104000.0], [-584000.0, -106000.0]]]}",2016
11,0.300951987859112,"{'type': 'Polygon', 'coordinates': [[[-582000.0, -106000.0], [-580000.0, -106000.0], [-580000.0, -104000.0], [-582000.0, -104000.0], [-582000.0, -106000.0]]]}",2016
12,0.14166937534078,"{'type': 'Polygon', 'coordinates': [[[-588000.0, -104000.0], [-586000.0, -104000.0], [-586000.0, -102000.0], [-588000.0, -102000.0], [-588000.0, -104000.0]]]}",2016
13,0.2124378618918738,"{'type': 'Polygon', 'coordinates': [[[-586000.0, -104000.0], [-584000.0, -104000.0], [-584000.0, -102000.0], [-586000.0, -102000.0], [-586000.0, -104000.0]]]}",2016
14,0.2612650653778685,"{'type': 'Polygon', 'coordinates': [[[-584000.0, -104000.0], [-582000.0, -104000.0], [-582000.0, -102000.0], [-584000.0, -102000.0], [-584000.0, -104000.0]]]}",2016
15,0.2778688833169327,"{'type': 'Polygon', 'coordinates': [[[-582000.0, -104000.0], [-580000.0, -104000.0], [-580000.0, -102000.0], [-582000.0, -102000.0], [-582000.0, -104000.0]]]}",2016
0,0.198894115941133,"{'type': 'Polygon', 'coordinates': [[[-588000.0, -110000.0], [-586000.0, -110000.0], [-586000.0, -108000.0], [-588000.0, -108000.0], [-588000.0, -110000.0]]]}",2017
1,0.2930289419997712,"{'type': 'Polygon', 'coordinates': [[[-586000.0, -110000.0], [-584000.0, -110000.0], [-584000.0, -108000.0], [-586000.0, -108000.0], [-586000.0, -110000.0]]]}",2017
2,0.3062050404806036,"{'type': 'Polygon', 'coordinates': [[[-584000.0, -110000.0], [-582000.0, -110000.0], [-582000.0, -108000.0], [-584000.0, -108000.0], [-584000.0, -110000.0]]]}",2017
3,0.3301373659455303,"{'type': 'Polygon', 'coordinates': [[[-582000.0, -110000.0], [-580000.0, -110000.0], [-580000.0, -108000.0], [-582000.0, -108000.0], [-582000.0, -110000.0]]]}",2017
4,0.2270768274556643,"{'type': 'Polygon', 'coordinates': [[[-588000.0, -108000.0], [-586000.0, -108000.0], [-586000.0, -106000.0], [-588000.0, -106000.0], [-588000.0, -108000.0]]]}",2017
5,0.2808679306229347,"{'type': 'Polygon', 'coordinates': [[[-586000.0, -108000.0], [-584000.0, -108000.0], [-584000.0, -106000.0], [-586000.0, -106000.0], [-586000.0, -108000.0]]]}",2017
6,0.2651097250688806,"{'type': 'Polygon', 'coordinates': [[[-584000.0, -108000.0], [-582000.0, -108000.0], [-582000.0, -106000.0], [-584000.0, -106000.0], [-584000.0, -108000.0]]]}",2017
7,0.2527118649305576,"{'type': 'Polygon', 'coordinates': [[[-582000.0, -108000.0], [-580000.0, -108000.0], [-580000.0, -106000.0], [-582000.0, -106000.0], [-582000.0, -108000.0]]]}",2017
8,0.2472914815208039,"{'type': 'Polygon', 'coordinates': [[[-588000.0, -106000.0], [-586000.0, -106000.0], [-586000.0, -104000.0], [-588000.0, -104000.0], [-588000.0, -106000.0]]]}",2017
9,0.2976083522260591,"{'type': 'Polygon', 'coordinates': [[[-586000.0, -106000.0], [-584000.0, -106000.0], [-584000.0, -104000.0], [-586000.0, -104000.0], [-586000.0, -106000.0]]]}",2017
10,0.2905324773774916,"{'type': 'Polygon', 'coordinates': [[[-584000.0, -106000.0], [-582000.0, -106000.0], [-582000.0, -104000.0], [-584000.0, -104000.0], [-584000.0, -106000.0]]]}",2017
11,0.3273896827783891,"{'type': 'Polygon', 'coordinates': [[[-582000.0, -106000.0], [-580000.0, -106000.0], [-580000.0, -104000.0], [-582000.0, -104000.0], [-582000.0, -106000.0]]]}",2017
12,0.1867122851357959,"{'type': 'Polygon', 'coordinates': [[[-588000.0, -104000.0], [-586000.0, -104000.0], [-586000.0, -102000.0], [-588000.0, -102000.0], [-588000.0, -104000.0]]]}",2017
13,0.2723545448656883,"{'type': 'Polygon', 'coordinates': [[[-586000.0, -104000.0], [-584000.0, -104000.0], [-584000.0, -102000.0], [-586000.0, -102000.0], [-586000.0, -104000.0]]]}",2017
14,0.3061417556820923,"{'type': 'Polygon', 'coordinates': [[[-584000.0, -104000.0], [-582000.0, -104000.0], [-582000.0, -102000.0], [-584000.0, -102000.0], [-584000.0, -104000.0]]]}",2017
15,0.2950686813088589,"{'type': 'Polygon', 'coordinates': [[[-582000.0, -104000.0], [-580000.0, -104000.0], [-580000.0, -102000.0], [-582000.0, -102000.0], [-582000.0, -104000.0]]]}",2017
0,0.1724649047949385,"{'type': 'Polygon', 'coordinates': [[[-588000.0, -110000.0], [-586000.0, -110000.0], [-586000.0, -108000.0], [-588000.0, -108000.0], [-588000.0, -110000.0]]]}",2018
1,0.296492869254489,"{'type': 'Polygon', 'coordinates': [[[-586000.0, -110000.0], [-584000.0, -110000.0], [-584000.0, -108000.0], [-586000.0, -108000.0], [-586000.0, -110000.0]]]}",2018
2,0.3162687336633552,"{'type': 'Polygon', 'coordinates': [[[-584000.0, -110000.0], [-582000.0, -110000.0], [-582000.0, -108000.0], [-584000.0, -108000.0], [-584000.0, -110000.0]]]}",2018
3,0.3369071736280856,"{'type': 'Polygon', 'coordinates': [[[-582000.0, -110000.0], [-580000.0, -110000.0], [-580000.0, -108000.0], [-582000.0, -108000.0], [-582000.0, -110000.0]]]}",2018
4,0.2162742181217561,"{'type': 'Polygon', 'coordinates': [[[-588000.0, -108000.0], [-586000.0, -108000.0], [-586000.0, -106000.0], [-588000.0, -106000.0], [-588000.0, -108000.0]]]}",2018
5,0.2849662085863768,"{'type': 'Polygon', 'coordinates': [[[-586000.0, -108000.0], [-584000.0, -108000.0], [-584000.0, -106000.0], [-586000.0, -106000.0], [-586000.0, -108000.0]]]}",2018
6,0.2696349982335201,"{'type': 'Polygon', 'coordinates': [[[-584000.0, -108000.0], [-582000.0, -108000.0], [-582000.0, -106000.0], [-584000.0, -106000.0], [-584000.0, -108000.0]]]}",2018
7,0.258035083140273,"{'type': 'Polygon', 'coordinates': [[[-582000.0, -108000.0], [-580000.0, -108000.0], [-580000.0, -106000.0], [-582000.0, -106000.0], [-582000.0, -108000.0]]]}",2018
8,0.2197329123119046,"{'type': 'Polygon', 'coordinates': [[[-588000.0, -106000.0], [-586000.0, -106000.0], [-586000.0, -104000.0], [-588000.0, -104000.0], [-588000.0, -106000.0]]]}",2018
9,0.2956282156222987,"{'type': 'Polygon', 'coordinates': [[[-586000.0, -106000.0], [-584000.0, -106000.0], [-584000.0, -104000.0], [-586000.0, -104000.0], [-586000.0, -106000.0]]]}",2018
10,0.2867993360715338,"{'type': 'Polygon', 'coordinates': [[[-584000.0, -106000.0], [-582000.0, -106000.0], [-582000.0, -104000.0], [-584000.0, -104000.0], [-584000.0, -106000.0]]]}",2018
11,0.3277363368412465,"{'type': 'Polygon', 'coordinates': [[[-582000.0, -106000.0], [-580000.0, -106000.0], [-580000.0, -104000.0], [-582000.0, -104000.0], [-582000.0, -106000.0]]]}",2018
12,0.1664155090154735,"{'type': 'Polygon', 'coordinates': [[[-588000.0, -104000.0], [-586000.0, -104000.0], [-586000.0, -102000.0], [-588000.0, -102000.0], [-588000.0, -104000.0]]]}",2018
13,0.242452826888307,"{'type': 'Polygon', 'coordinates': [[[-586000.0, -104000.0], [-584000.0, -104000.0], [-584000.0, -102000.0], [-586000.0, -102000.0], [-586000.0, -104000.0]]]}",2018
14,0.313960758999327,"{'type': 'Polygon', 'coordinates': [[[-584000.0, -104000.0], [-582000.0, -104000.0], [-582000.0, -102000.0], [-584000.0, -102000.0], [-584000.0, -104000.0]]]}",2018
15,0.2982573607552921,"{'type': 'Polygon', 'coordinates': [[[-582000.0, -104000.0], [-580000.0, -104000.0], [-580000.0, -102000.0], [-582000.0, -102000.0], [-582000.0, -104000.0]]]}",2018
0,0.1886353967353287,"{'type': 'Polygon', 'coordinates': [[[-588000.0, -110000.0], [-586000.0, -110000.0], [-586000.0, -108000.0], [-588000.0, -108000.0], [-588000.0, -110000.0]]]}",2019
1,0.2670055702072118,"{'type': 'Polygon', 'coordinates': [[[-586000.0, -110000.0], [-584000.0, -110000.0], [-584000.0, -108000.0], [-586000.0, -108000.0], [-586000.0, -110000.0]]]}",2019
2,0.2969098600256332,"{'type': 'Polygon', 'coordinates': [[[-584000.0, -110000.0], [-582000.0, -110000.0], [-582000.0, -108000.0], [-584000.0, -108000.0], [-584000.0, -110000.0]]]}",2019
3,0.3132757345884857,"{'type': 'Polygon', 'coordinates': [[[-582000.0, -110000.0], [-580000.0, -110000.0], [-580000.0, -108000.0], [-582000.0, -108000.0], [-582000.0, -110000.0]]]}",2019
4,0.1994931627375601,"{'type': 'Polygon', 'coordinates': [[[-588000.0, -108000.0], [-586000.0, -108000.0], [-586000.0, -106000.0], [-588000.0, -106000.0], [-588000.0, -108000.0]]]}",2019
5,0.2696928594360245,"{'type': 'Polygon', 'coordinates': [[[-586000.0, -108000.0], [-584000.0, -108000.0], [-584000.0, -106000.0], [-586000.0, -106000.0], [-586000.0, -108000.0]]]}",2019
6,0.2688260028930679,"{'type': 'Polygon', 'coordinates': [[[-584000.0, -108000.0], [-582000.0, -108000.0], [-582000.0, -106000.0], [-584000.0, -106000.0], [-584000.0, -108000.0]]]}",2019
7,0.2680784699645848,"{'type': 'Polygon', 'coordinates': [[[-582000.0, -108000.0], [-580000.0, -108000.0], [-580000.0, -106000.0], [-582000.0, -106000.0], [-582000.0, -108000.0]]]}",2019
8,0.2071987574200164,"{'type': 'Polygon', 'coordinates': [[[-588000.0, -106000.0], [-586000.0, -106000.0], [-586000.0, -104000.0], [-588000.0, -104000.0], [-588000.0, -106000.0]]]}",2019
9,0.2849148761665699,"{'type': 'Polygon', 'coordinates': [[[-586000.0, -106000.0], [-584000.0, -106000.0], [-584000.0, -104000.0], [-586000.0, -104000.0], [-586000.0, -106000.0]]]}",2019
10,0.2975169936299738,"{'type': 'Polygon', 'coordinates': [[[-584000.0, -106000.0], [-582000.0, -106000.0], [-582000.0, -104000.0], [-584000.0, -104000.0], [-584000.0, -106000.0]]]}",2019
11,0.3216527546502232,"{'type': 'Polygon', 'coordinates': [[[-582000.0, -106000.0], [-580000.0, -106000.0], [-580000.0, -104000.0], [-582000.0, -104000.0], [-582000.0, -106000.0]]]}",2019
12,0.1464918667838406,"{'type': 'Polygon', 'coordinates': [[[-588000.0, -104000.0], [-586000.0, -104000.0], [-586000.0, -102000.0], [-588000.0, -102000.0], [-588000.0, -104000.0]]]}",2019
13,0.2230049738005223,"{'type': 'Polygon', 'coordinates': [[[-586000.0, -104000.0], [-584000.0, -104000.0], [-584000.0, -102000.0], [-586000.0, -102000.0], [-586000.0, -104000.0]]]}",2019
14,0.3026432177720527,"{'type': 'Polygon', 'coordinates': [[[-584000.0, -104000.0], [-582000.0, -104000.0], [-582000.0, -102000.0], [-584000.0, -102000.0], [-584000.0, -104000.0]]]}",2019
15,0.2909919539174627,"{'type': 'Polygon', 'coordinates': [[[-582000.0, -104000.0], [-580000.0, -104000.0], [-580000.0, -102000.0], [-582000.0, -102000.0], [-582000.0, -104000.0]]]}",2019
0,0.1256862090401042,"{'type': 'Polygon', 'coordinates': [[[-588000.0, -110000.0], [-586000.0, -110000.0], [-586000.0, -108000.0], [-588000.0, -108000.0], [-588000.0, -110000.0]]]}",2020
1,0.2481948147653943,"{'type': 'Polygon', 'coordinates': [[[-586000.0, -110000.0], [-584000.0, -110000.0], [-584000.0, -108000.0], [-586000.0, -108000.0], [-586000.0, -110000.0]]]}",2020
2,0.2757505056793048,"{'type': 'Polygon', 'coordinates': [[[-584000.0, -110000.0], [-582000.0, -110000.0], [-582000.0, -108000.0], [-584000.0, -108000.0], [-584000.0, -110000.0]]]}",2020
3,0.2975299094971167,"{'type': 'Polygon', 'coordinates': [[[-582000.0, -110000.0], [-580000.0, -110000.0], [-580000.0, -108000.0], [-582000.0, -108000.0], [-582000.0, -110000.0]]]}",2020
4,0.1337173008233809,"{'type': 'Polygon', 'coordinates': [[[-588000.0, -108000.0], [-586000.0, -108000.0], [-586000.0, -106000.0], [-588000.0, -106000.0], [-588000.0, -108000.0]]]}",2020
5,0.2463228646014099,"{'type': 'Polygon', 'coordinates': [[[-586000.0, -108000.0], [-584000.0, -108000.0], [-584000.0, -106000.0], [-586000.0, -106000.0], [-586000.0, -108000.0]]]}",2020
6,0.2233881410459948,"{'type': 'Polygon', 'coordinates': [[[-584000.0, -108000.0], [-582000.0, -108000.0], [-582000.0, -106000.0], [-584000.0, -106000.0], [-584000.0, -108000.0]]]}",2020
7,0.2434391342320212,"{'type': 'Polygon', 'coordinates': [[[-582000.0, -108000.0], [-580000.0, -108000.0], [-580000.0, -106000.0], [-582000.0, -106000.0], [-582000.0, -108000.0]]]}",2020
8,0.1620084766248843,"{'type': 'Polygon', 'coordinates': [[[-588000.0, -106000.0], [-586000.0, -106000.0], [-586000.0, -104000.0], [-588000.0, -104000.0], [-588000.0, -106000.0]]]}",2020
9,0.2397098545310212,"{'type': 'Polygon', 'coordinates': [[[-586000.0, -106000.0], [-584000.0, -106000.0], [-584000.0, -104000.0], [-586000.0, -104000.0], [-586000.0, -106000.0]]]}",2020
10,0.2430179308257955,"{'type': 'Polygon', 'coordinates': [[[-584000.0, -106000.0], [-582000.0, -106000.0], [-582000.0, -104000.0], [-584000.0, -104000.0], [-584000.0, -106000.0]]]}",2020
11,0.276366495264417,"{'type': 'Polygon', 'coordinates': [[[-582000.0, -106000.0], [-580000.0, -106000.0], [-580000.0, -104000.0], [-582000.0, -104000.0], [-582000.0, -106000.0]]]}",2020
12,0.1256268444100134,"{'type': 'Polygon', 'coordinates': [[[-588000.0, -104000.0], [-586000.0, -104000.0], [-586000.0, -102000.0], [-588000.0, -102000.0], [-588000.0, -104000.0]]]}",2020
13,0.1968906356404715,"{'type': 'Polygon', 'coordinates': [[[-586000.0, -104000.0], [-584000.0, -104000.0], [-584000.0, -102000.0], [-586000.0, -102000.0], [-586000.0, -104000.0]]]}",2020
14,0.2669472822347993,"{'type': 'Polygon', 'coordinates': [[[-584000.0, -104000.0], [-582000.0, -104000.0], [-582000.0, -102000.0], [-584000.0, -102000.0], [-584000.0, -104000.0]]]}",2020
15,0.2755685616180789,"{'type': 'Polygon', 'coordinates': [[[-582000.0, -104000.0], [-580000.0, -104000.0], [-580000.0, -102000.0], [-582000.0, -102000.0], [-582000.0, -104000.0]]]}",2020
0,0.1814166633839658,"{'type': 'Polygon', 'coordinates': [[[-588000.0, -110000.0], [-586000.0, -110000.0], [-586000.0, -108000.0], [-588000.0, -108000.0], [-588000.0, -110000.0]]]}",2021
1,0.268048869158146,"{'type': 'Polygon', 'coordinates': [[[-586000.0, -110000.0], [-584000.0, -110000.0], [-584000.0, -108000.0], [-586000.0, -108000.0], [-586000.0, -110000.0]]]}",2021
2,0.3067654365775303,"{'type': 'Polygon', 'coordinates': [[[-584000.0, -110000.0], [-582000.0, -110000.0], [-582000.0, -108000.0], [-584000.0, -108000.0], [-584000.0, -110000.0]]]}",2021
3,0.3178788941806088,"{'type': 'Polygon', 'coordinates': [[[-582000.0, -110000.0], [-580000.0, -110000.0], [-580000.0, -108000.0], [-582000.0, -108000.0], [-582000.0, -110000.0]]]}",2021
4,0.1917046386164115,"{'type': 'Polygon', 'coordinates': [[[-588000.0, -108000.0], [-586000.0, -108000.0], [-586000.0, -106000.0], [-588000.0, -106000.0], [-588000.0, -108000.0]]]}",2021
5,0.2757238570218911,"{'type': 'Polygon', 'coordinates': [[[-586000.0, -108000.0], [-584000.0, -108000.0], [-584000.0, -106000.0], [-586000.0, -106000.0], [-586000.0, -108000.0]]]}",2021
6,0.2554490211981648,"{'type': 'Polygon', 'coordinates': [[[-584000.0, -108000.0], [-582000.0, -108000.0], [-582000.0, -106000.0], [-584000.0, -106000.0], [-584000.0, -108000.0]]]}",2021
7,0.2510183902447476,"{'type': 'Polygon', 'coordinates': [[[-582000.0, -108000.0], [-580000.0, -108000.0], [-580000.0, -106000.0], [-582000.0, -106000.0], [-582000.0, -108000.0]]]}",2021
8,0.2067046963513096,"{'type': 'Polygon', 'coordinates': [[[-588000.0, -106000.0], [-586000.0, -106000.0], [-586000.0, -104000.0], [-588000.0, -104000.0], [-588000.0, -106000.0]]]}",2021
9,0.275779821948528,"{'type': 'Polygon', 'coordinates': [[[-586000.0, -106000.0], [-584000.0, -106000.0], [-584000.0, -104000.0], [-586000.0, -104000.0], [-586000.0, -106000.0]]]}",2021
10,0.2737874651744346,"{'type': 'Polygon', 'coordinates': [[[-584000.0, -106000.0], [-582000.0, -106000.0], [-582000.0, -104000.0], [-584000.0, -104000.0], [-584000.0, -106000.0]]]}",2021
11,0.2843682932580026,"{'type': 'Polygon', 'coordinates': [[[-582000.0, -106000.0], [-580000.0, -106000.0], [-580000.0, -104000.0], [-582000.0, -104000.0], [-582000.0, -106000.0]]]}",2021
12,0.1162520606423918,"{'type': 'Polygon', 'coordinates': [[[-588000.0, -104000.0], [-586000.0, -104000.0], [-586000.0, -102000.0], [-588000.0, -102000.0], [-588000.0, -104000.0]]]}",2021
13,0.1934190923559308,"{'type': 'Polygon', 'coordinates': [[[-586000.0, -104000.0], [-584000.0, -104000.0], [-584000.0, -102000.0], [-586000.0, -102000.0], [-586000.0, -104000.0]]]}",2021
14,0.2906359763827661,"{'type': 'Polygon', 'coordinates': [[[-584000.0, -104000.0], [-582000.0, -104000.0], [-582000.0, -102000.0], [-584000.0, -102000.0], [-584000.0, -104000.0]]]}",2021
15,0.2739479802041655,"{'type': 'Polygon', 'coordinates': [[[-582000.0, -104000.0], [-580000.0, -104000.0], [-580000.0, -102000.0], [-582000.0, -102000.0], [-582000.0, -104000.0]]]}",2021
0,0.2028012057588675,"{'type': 'Polygon', 'coordinates': [[[-588000.0, -110000.0], [-586000.0, -110000.0], [-586000.0, -108000.0], [-588000.0, -108000.0], [-588000.0, -110000.0]]]}",2022
1,0.314277684739232,"{'type': 'Polygon', 'coordinates': [[[-586000.0, -110000.0], [-584000.0, -110000.0], [-584000.0, -108000.0], [-586000.0, -108000.0], [-586000.0, -110000.0]]]}",2022
2,0.3220199297811229,"{'type': 'Polygon', 'coordinates': [[[-584000.0, -110000.0], [-582000.0, -110000.0], [-582000.0, -108000.0], [-584000.0, -108000.0], [-584000.0, -110000.0]]]}",2022
3,0.3229800122325058,"{'type': 'Polygon', 'coordinates': [[[-582000.0, -110000.0], [-580000.0, -110000.0], [-580000.0, -108000.0], [-582000.0, -108000.0], [-582000.0, -110000.0]]]}",2022
4,0.2255514353660859,"{'type': 'Polygon', 'coordinates': [[[-588000.0, -108000.0], [-586000.0, -108000.0], [-586000.0, -106000.0], [-588000.0, -106000.0], [-588000.0, -108000.0]]]}",2022
5,0.3058592283605411,"{'type': 'Polygon', 'coordinates': [[[-586000.0, -108000.0], [-584000.0, -108000.0], [-584000.0, -106000.0], [-586000.0, -106000.0], [-586000.0, -108000.0]]]}",2022
6,0.2742577628909987,"{'type': 'Polygon', 'coordinates': [[[-584000.0, -108000.0], [-582000.0, -108000.0], [-582000.0, -106000.0], [-584000.0, -106000.0], [-584000.0, -108000.0]]]}",2022
7,0.2681811975248078,"{'type': 'Polygon', 'coordinates': [[[-582000.0, -108000.0], [-580000.0, -108000.0], [-580000.0, -106000.0], [-582000.0, -106000.0], [-582000.0, -108000.0]]]}",2022
8,0.2164456513117883,"{'type': 'Polygon', 'coordinates': [[[-588000.0, -106000.0], [-586000.0, -106000.0], [-586000.0, -104000.0], [-588000.0, -104000.0], [-588000.0, -106000.0]]]}",2022
9,0.3006423508346861,"{'type': 'Polygon', 'coordinates': [[[-586000.0, -106000.0], [-584000.0, -106000.0], [-584000.0, -104000.0], [-586000.0, -104000.0], [-586000.0, -106000.0]]]}",2022
10,0.285955220757897,"{'type': 'Polygon', 'coordinates': [[[-584000.0, -106000.0], [-582000.0, -106000.0], [-582000.0, -104000.0], [-584000.0, -104000.0], [-584000.0, -106000.0]]]}",2022
11,0.3150673232183661,"{'type': 'Polygon', 'coordinates': [[[-582000.0, -106000.0], [-580000.0, -106000.0], [-580000.0, -104000.0], [-582000.0, -104000.0], [-582000.0, -106000.0]]]}",2022
12,0.1511899186440439,"{'type': 'Polygon', 'coordinates': [[[-588000.0, -104000.0], [-586000.0, -104000.0], [-586000.0, -102000.0], [-588000.0, -102000.0], [-588000.0, -104000.0]]]}",2022
13,0.2348181524762526,"{'type': 'Polygon', 'coordinates': [[[-586000.0, -104000.0], [-584000.0, -104000.0], [-584000.0, -102000.0], [-586000.0, -102000.0], [-586000.0, -104000.0]]]}",2022
14,0.2901771157463455,"{'type': 'Polygon', 'coordinates': [[[-584000.0, -104000.0], [-582000.0, -104000.0], [-582000.0, -102000.0], [-584000.0, -102000.0], [-584000.0, -104000.0]]]}",2022
15,0.2842958570175969,"{'type': 'Polygon', 'coordinates': [[[-582000.0, -104000.0], [-580000.0, -104000.0], [-580000.0, -102000.0], [-582000.0, -102000.0], [-582000.0, -104000.0]]]}",2022
0,0.2163850102119782,"{'type': 'Polygon', 'coordinates': [[[-588000.0, -110000.0], [-586000.0, -110000.0], [-586000.0, -108000.0], [-588000.0, -108000.0], [-588000.0, -110000.0]]]}",2023
1,0.3186948586808189,"{'type': 'Polygon', 'coordinates': [[[-586000.0, -110000.0], [-584000.0, -110000.0], [-584000.0, -108000.0], [-586000.0, -108000.0], [-586000.0, -110000.0]]]}",2023
2,0.3466237945603141,"{'type': 'Polygon', 'coordinates': [[[-584000.0, -110000.0], [-582000.0, -110000.0], [-582000.0, -108000.0], [-584000.0, -108000.0], [-584000.0, -110000.0]]]}",2023
3,0.3506654337891219,"{'type': 'Polygon', 'coordinates': [[[-582000.0, -110000.0], [-580000.0, -110000.0], [-580000.0, -108000.0], [-582000.0, -108000.0], [-582000.0, -110000.0]]]}",2023
4,0.2096840242308793,"{'type': 'Polygon', 'coordinates': [[[-588000.0, -108000.0], [-586000.0, -108000.0], [-586000.0, -106000.0], [-588000.0, -106000.0], [-588000.0, -108000.0]]]}",2023
5,0.2894393855589683,"{'type': 'Polygon', 'coordinates': [[[-586000.0, -108000.0], [-584000.0, -108000.0], [-584000.0, -106000.0], [-586000.0, -106000.0], [-586000.0, -108000.0]]]}",2023
6,0.2951345714843689,"{'type': 'Polygon', 'coordinates': [[[-584000.0, -108000.0], [-582000.0, -108000.0], [-582000.0, -106000.0], [-584000.0, -106000.0], [-584000.0, -108000.0]]]}",2023
7,0.2855782728830852,"{'type': 'Polygon', 'coordinates': [[[-582000.0, -108000.0], [-580000.0, -108000.0], [-580000.0, -106000.0], [-582000.0, -106000.0], [-582000.0, -108000.0]]]}",2023
8,0.2234039321616142,"{'type': 'Polygon', 'coordinates': [[[-588000.0, -106000.0], [-586000.0, -106000.0], [-586000.0, -104000.0], [-588000.0, -104000.0], [-588000.0, -106000.0]]]}",2023
9,0.3127004185306163,"{'type': 'Polygon', 'coordinates': [[[-586000.0, -106000.0], [-584000.0, -106000.0], [-584000.0, -104000.0], [-586000.0, -104000.0], [-586000.0, -106000.0]]]}",2023
10,0.2938672852294704,"{'type': 'Polygon', 'coordinates': [[[-584000.0, -106000.0], [-582000.0, -106000.0], [-582000.0, -104000.0], [-584000.0, -104000.0], [-584000.0, -106000.0]]]}",2023
11,0.3193652090488361,"{'type': 'Polygon', 'coordinates': [[[-582000.0, -106000.0], [-580000.0, -106000.0], [-580000.0, -104000.0], [-582000.0, -104000.0], [-582000.0, -106000.0]]]}",2023
12,0.1418038563704622,"{'type': 'Polygon', 'coordinates': [[[-588000.0, -104000.0], [-586000.0, -104000.0], [-586000.0, -102000.0], [-588000.0, -102000.0], [-588000.0, -104000.0]]]}",2023
13,0.2488061290884203,"{'type': 'Polygon', 'coordinates': [[[-586000.0, -104000.0], [-584000.0, -104000.0], [-584000.0, -102000.0], [-586000.0, -102000.0], [-586000.0, -104000.0]]]}",2023
14,0.3078574016401399,"{'type': 'Polygon', 'coordinates': [[[-584000.0, -104000.0], [-582000.0, -104000.0], [-582000.0, -102000.0], [-584000.0, -102000.0], [-584000.0, -104000.0]]]}",2023
15,0.2606632799854054,"{'type': 'Polygon', 'coordinates': [[[-582000.0, -104000.0], [-580000.0, -104000.0], [-580000.0, -102000.0], [-582000.0, -102000.0], [-582000.0, -104000.0]]]}",2023
0,0.20260579884052277,"{'type': 'Polygon', 'coordinates': [[[-588000.0, -110000.0], [-586000.0, -110000.0], [-586000.0, -108000.0], [-588000.0, -108000.0], [-588000.0, -110000.0]]]}",2024
1,0.29192548990249634,"{'type': 'Polygon', 'coordinates': [[[-586000.0, -110000.0], [-584000.0, -110000.0], [-584000.0, -108000.0], [-586000.0, -108000.0], [-586000.0, -110000.0]]]}",2024
2,0.310111939907074,"{'type': 'Polygon', 'coordinates': [[[-584000.0, -110000.0], [-582000.0, -110000.0], [-582000.0, -108000.0], [-584000.0, -108000.0], [-584000.0, -110000.0]]]}",2024
3,0.3151089549064636,"{'type': 'Polygon', 'coordinates': [[[-582000.0, -110000.0], [-580000.0, -110000.0], [-580000.0, -108000.0], [-582000.0, -108000.0], [-582000.0, -110000.0]]]}",2024
4,0.23154954612255096,"{'type': 'Polygon', 'coordinates': [[[-588000.0, -108000.0], [-586000.0, -108000.0], [-586000.0, -106000.0], [-588000.0, -106000.0], [-588000.0, -108000.0]]]}",2024
5,0.2933184504508972,"{'type': 'Polygon', 'coordinates': [[[-586000.0, -108000.0], [-584000.0, -108000.0], [-584000.0, -106000.0], [-586000.0, -106000.0], [-586000.0, -108000.0]]]}",2024
6,0.2702180743217468,"{'type': 'Polygon', 'coordinates': [[[-584000.0, -108000.0], [-582000.0, -108000.0], [-582000.0, -106000.0], [-584000.0, -106000.0], [-584000.0, -108000.0]]]}",2024
7,0.28205162286758423,"{'type': 'Polygon', 'coordinates': [[[-582000.0, -108000.0], [-580000.0, -108000.0], [-580000.0, -106000.0], [-582000.0, -106000.0], [-582000.0, -108000.0]]]}",2024
8,0.23798368871212006,"{'type': 'Polygon', 'coordinates': [[[-588000.0, -106000.0], [-586000.0, -106000.0], [-586000.0, -104000.0], [-588000.0, -104000.0], [-588000.0, -106000.0]]]}",2024
9,0.283272922039032,"{'type': 'Polygon', 'coordinates': [[[-586000.0, -106000.0], [-584000.0, -106000.0], [-584000.0, -104000.0], [-586000.0, -104000.0], [-586000.0, -106000.0]]]}",2024
10,0.28448158502578735,"{'type': 'Polygon', 'coordinates': [[[-584000.0, -106000.0], [-582000.0, -106000.0], [-582000.0, -104000.0], [-584000.0, -104000.0], [-584000.0, -106000.0]]]}",2024
11,0.32130199670791626,"{'type': 'Polygon', 'coordinates': [[[-582000.0, -106000.0], [-580000.0, -106000.0], [-580000.0, -104000.0], [-582000.0, -104000.0], [-582000.0, -106000.0]]]}",2024
12,0.15192706882953644,"{'type': 'Polygon', 'coordinates': [[[-588000.0, -104000.0], [-586000.0, -104000.0], [-586000.0, -102000.0], [-588000.0, -102000.0], [-588000.0, -104000.0]]]}",2024
13,0.23509909212589264,"{'type': 'Polygon', 'coordinates': [[[-586000.0, -104000.0], [-584000.0, -104000.0], [-584000.0, -102000.0], [-586000.0, -102000.0], [-586000.0, -104000.0]]]}",2024
14,0.3090932369232178,"{'type': 'Polygon', 'coordinates': [[[-584000.0, -104000.0], [-582000.0, -104000.0], [-582000.0, -102000.0], [-584000.0, -102000.0], [-584000.0, -104000.0]]]}",2024
15,0.31934595108032227,"{'type': 'Polygon', 'coordinates': [[[-582000.0, -104000.0], [-580000.0, -104000.0], [-580000.0, -102000.0], [-582000.0, -102000.0], [-582000.0, -104000.0]]]}",2024
0,0.20338423550128937,"{'type': 'Polygon', 'coordinates': [[[-588000.0, -110000.0], [-586000.0, -110000.0], [-586000.0, -108000.0], [-588000.0, -108000.0], [-588000.0, -110000.0]]]}",2025
1,0.2921218276023865,"{'type': 'Polygon', 'coordinates': [[[-586000.0, -110000.0], [-584000.0, -110000.0], [-584000.0, -108000.0], [-586000.0, -108000.0], [-586000.0, -110000.0]]]}",2025
2,0.31009018421173096,"{'type': 'Polygon', 'coordinates': [[[-584000.0, -110000.0], [-582000.0, -110000.0], [-582000.0, -108000.0], [-584000.0, -108000.0], [-584000.0, -110000.0]]]}",2025
3,0.3150278329849243,"{'type': 'Polygon', 'coordinates': [[[-582000.0, -110000.0], [-580000.0, -110000.0], [-580000.0, -108000.0], [-582000.0, -108000.0], [-582000.0, -110000.0]]]}",2025
4,0.23227863013744354,"{'type': 'Polygon', 'coordinates': [[[-588000.0, -108000.0], [-586000.0, -108000.0], [-586000.0, -106000.0], [-588000.0, -106000.0], [-588000.0, -108000.0]]]}",2025
5,0.29332369565963745,"{'type': 'Polygon', 'coordinates': [[[-586000.0, -108000.0], [-584000.0, -108000.0], [-584000.0, -106000.0], [-586000.0, -106000.0], [-586000.0, -108000.0]]]}",2025
6,0.2704000473022461,"{'type': 'Polygon', 'coordinates': [[[-584000.0, -108000.0], [-582000.0, -108000.0], [-582000.0, -106000.0], [-584000.0, -106000.0], [-584000.0, -108000.0]]]}",2025
7,0.2819899916648865,"{'type': 'Polygon', 'coordinates': [[[-582000.0, -108000.0], [-580000.0, -108000.0], [-580000.0, -106000.0], [-582000.0, -106000.0], [-582000.0, -108000.0]]]}",2025
8,0.23832769691944122,"{'type': 'Polygon', 'coordinates': [[[-588000.0, -106000.0], [-586000.0, -106000.0], [-586000.0, -104000.0], [-588000.0, -104000.0], [-588000.0, -106000.0]]]}",2025
9,0.28345930576324463,"{'type': 'Polygon', 'coordinates': [[[-586000.0, -106000.0], [-584000.0, -106000.0], [-584000.0, -104000.0], [-586000.0, -104000.0], [-586000.0, -106000.0]]]}",2025
10,0.2847530245780945,"{'type': 'Polygon', 'coordinates': [[[-584000.0, -106000.0], [-582000.0, -106000.0], [-582000.0, -104000.0], [-584000.0, -104000.0], [-584000.0, -106000.0]]]}",2025
11,0.3213086724281311,"{'type': 'Polygon', 'coordinates': [[[-582000.0, -106000.0], [-580000.0, -106000.0], [-580000.0, -104000.0], [-582000.0, -104000.0], [-582000.0, -106000.0]]]}",2025
12,0.15166889131069183,"{'type': 'Polygon', 'coordinates': [[[-588000.0, -104000.0], [-586000.0, -104000.0], [-586000.0, -102000.0], [-588000.0, -102000.0], [-588000.0, -104000.0]]]}",2025
13,0.23512829840183258,"{'type': 'Polygon', 'coordinates': [[[-586000.0, -104000.0], [-584000.0, -104000.0], [-584000.0, -102000.0], [-586000.0, -102000.0], [-586000.0, -104000.0]]]}",2025
14,0.3092888593673706,"{'type': 'Polygon', 'coordinates': [[[-584000.0, -104000.0], [-582000.0, -104000.0], [-582000.0, -102000.0], [-584000.0, -102000.0], [-584000.0, -104000.0]]]}",2025
15,0.319339394569397,"{'type': 'Polygon', 'coordinates': [[[-582000.0, -104000.0], [-580000.0, -104000.0], [-580000.0, -102000.0], [-582000.0, -102000.0], [-582000.0, -104000.0]]]}",2025
0,0.2036891132593155,"{'type': 'Polygon', 'coordinates': [[[-588000.0, -110000.0], [-586000.0, -110000.0], [-586000.0, -108000.0], [-588000.0, -108000.0], [-588000.0, -110000.0]]]}",2026
1,0.29265493154525757,"{'type': 'Polygon', 'coordinates': [[[-586000.0, -110000.0], [-584000.0, -110000.0], [-584000.0, -108000.0], [-586000.0, -108000.0], [-586000.0, -110000.0]]]}",2026
2,0.3100651502609253,"{'type': 'Polygon', 'coordinates': [[[-584000.0, -110000.0], [-582000.0, -110000.0], [-582000.0, -108000.0], [-584000.0, -108000.0], [-584000.0, -110000.0]]]}",2026
3,0.31500428915023804,"{'type': 'Polygon', 'coordinates': [[[-582000.0, -110000.0], [-580000.0, -110000.0], [-580000.0, -108000.0], [-582000.0, -108000.0], [-582000.0, -110000.0]]]}",2026
4,0.2326098531484604,"{'type': 'Polygon', 'coordinates': [[[-588000.0, -108000.0], [-586000.0, -108000.0], [-586000.0, -106000.0], [-588000.0, -106000.0], [-588000.0, -108000.0]]]}",2026
5,0.2933196425437927,"{'type': 'Polygon', 'coordinates': [[[-586000.0, -108000.0], [-584000.0, -108000.0], [-584000.0, -106000.0], [-586000.0, -106000.0], [-586000.0, -108000.0]]]}",2026
6,0.2704227566719055,"{'type': 'Polygon', 'coordinates': [[[-584000.0, -108000.0], [-582000.0, -108000.0], [-582000.0, -106000.0], [-584000.0, -106000.0], [-584000.0, -108000.0]]]}",2026
7,0.28197431564331055,"{'type': 'Polygon', 'coordinates': [[[-582000.0, -108000.0], [-580000.0, -108000.0], [-580000.0, -106000.0], [-582000.0, -106000.0], [-582000.0, -108000.0]]]}",2026
8,0.23838277161121368,"{'type': 'Polygon', 'coordinates': [[[-588000.0, -106000.0], [-586000.0, -106000.0], [-586000.0, -104000.0], [-588000.0, -104000.0], [-588000.0, -106000.0]]]}",2026
9,0.2835259437561035,"{'type': 'Polygon', 'coordinates': [[[-586000.0, -106000.0], [-584000.0, -106000.0], [-584000.0, -104000.0], [-586000.0, -104000.0], [-586000.0, -106000.0]]]}",2026
10,0.2847803235054016,"{'type': 'Polygon', 'coordinates': [[[-584000.0, -106000.0], [-582000.0, -106000.0], [-582000.0, -104000.0], [-584000.0, -104000.0], [-584000.0, -106000.0]]]}",2026
11,0.32125234603881836,"{'type': 'Polygon', 'coordinates': [[[-582000.0, -106000.0], [-580000.0, -106000.0], [-580000.0, -104000.0], [-582000.0, -104000.0], [-582000.0, -106000.0]]]}",2026
12,0.1520654708147049,"{'type': 'Polygon', 'coordinates': [[[-588000.0, -104000.0], [-586000.0, -104000.0], [-586000.0, -102000.0], [-588000.0, -102000.0], [-588000.0, -104000.0]]]}",2026
13,0.23515529930591583,"{'type': 'Polygon', 'coordinates': [[[-586000.0, -104000.0], [-584000.0, -104000.0], [-584000.0, -102000.0], [-586000.0, -102000.0], [-586000.0, -104000.0]]]}",2026
14,0.30919212102890015,"{'type': 'Polygon', 'coordinates': [[[-584000.0, -104000.0], [-582000.0, -104000.0], [-582000.0, -102000.0], [-584000.0, -102000.0], [-584000.0, -104000.0]]]}",2026
15,0.3193414807319641,"{'type': 'Polygon', 'coordinates': [[[-582000.0, -104000.0], [-580000.0, -104000.0], [-580000.0, -102000.0], [-582000.0, -102000.0], [-582000.0, -104000.0]]]}",2026
0,0.15600335597991943,"{'type': 'Polygon', 'coordinates': [[[-588000.0, -110000.0], [-586000.0, -110000.0], [-586000.0, -108000.0], [-588000.0, -108000.0], [-588000.0, -110000.0]]]}",2027
1,0.2527061104774475,"{'type': 'Polygon', 'coordinates': [[[-586000.0, -110000.0], [-584000.0, -110000.0], [-584000.0, -108000.0], [-586000.0, -108000.0], [-586000.0, -110000.0]]]}",2027
2,0.27437856793403625,"{'type': 'Polygon', 'coordinates': [[[-584000.0, -110000.0], [-582000.0, -110000.0], [-582000.0, -108000.0], [-584000.0, -108000.0], [-584000.0, -110000.0]]]}",2027
3,0.282054603099823,"{'type': 'Polygon', 'coordinates': [[[-582000.0, -110000.0], [-580000.0, -110000.0], [-580000.0, -108000.0], [-582000.0, -108000.0], [-582000.0, -110000.0]]]}",2027
4,0.17796127498149872,"{'type': 'Polygon', 'coordinates': [[[-588000.0, -108000.0], [-586000.0, -108000.0], [-586000.0, -106000.0], [-588000.0, -106000.0], [-588000.0, -108000.0]]]}",2027
5,0.2501755356788635,"{'type': 'Polygon', 'coordinates': [[[-586000.0, -108000.0], [-584000.0, -108000.0], [-584000.0, -106000.0], [-586000.0, -106000.0], [-586000.0, -108000.0]]]}",2027
6,0.22790531814098358,"{'type': 'Polygon', 'coordinates': [[[-584000.0, -108000.0], [-582000.0, -108000.0], [-582000.0, -106000.0], [-584000.0, -106000.0], [-584000.0, -108000.0]]]}",2027
7,0.2247958928346634,"{'type': 'Polygon', 'coordinates': [[[-582000.0, -108000.0], [-580000.0, -108000.0], [-580000.0, -106000.0], [-582000.0, -106000.0], [-582000.0, -108000.0]]]}",2027
8,0.18440057337284088,"{'type': 'Polygon', 'coordinates': [[[-588000.0, -106000.0], [-586000.0, -106000.0], [-586000.0, -104000.0], [-588000.0, -104000.0], [-588000.0, -106000.0]]]}",2027
9,0.2596873939037323,"{'type': 'Polygon', 'coordinates': [[[-586000.0, -106000.0], [-584000.0, -106000.0], [-584000.0, -104000.0], [-586000.0, -104000.0], [-586000.0, -106000.0]]]}",2027
10,0.2433430403470993,"{'type': 'Polygon', 'coordinates': [[[-584000.0, -106000.0], [-582000.0, -106000.0], [-582000.0, -104000.0], [-584000.0, -104000.0], [-584000.0, -106000.0]]]}",2027
11,0.28330183029174805,"{'type': 'Polygon', 'coordinates': [[[-582000.0, -106000.0], [-580000.0, -106000.0], [-580000.0, -104000.0], [-582000.0, -104000.0], [-582000.0, -106000.0]]]}",2027
12,0.15100760757923126,"{'type': 'Polygon', 'coordinates': [[[-588000.0, -104000.0], [-586000.0, -104000.0], [-586000.0, -102000.0], [-588000.0, -102000.0], [-588000.0, -104000.0]]]}",2027
13,0.20584948360919952,"{'type': 'Polygon', 'coordinates': [[[-586000.0, -104000.0], [-584000.0, -104000.0], [-584000.0, -102000.0], [-586000.0, -102000.0], [-586000.0, -104000.0]]]}",2027
14,0.2674449682235718,"{'type': 'Polygon', 'coordinates': [[[-584000.0, -104000.0], [-582000.0, -104000.0], [-582000.0, -102000.0], [-584000.0, -102000.0], [-584000.0, -104000.0]]]}",2027
15,0.2668289244174957,"{'type': 'Polygon', 'coordinates': [[[-582000.0, -104000.0], [-580000.0, -104000.0], [-580000.0, -102000.0], [-582000.0, -102000.0], [-582000.0, -104000.0]]]}",2027
0,0.16005928814411163,"{'type': 'Polygon', 'coordinates': [[[-588000.0, -110000.0], [-586000.0, -110000.0], [-586000.0, -108000.0], [-588000.0, -108000.0], [-588000.0, -110000.0]]]}",2028
1,0.2635080814361572,"{'type': 'Polygon', 'coordinates': [[[-586000.0, -110000.0], [-584000.0, -110000.0], [-584000.0, -108000.0], [-586000.0, -108000.0], [-586000.0, -110000.0]]]}",2028
2,0.2783847153186798,"{'type': 'Polygon', 'coordinates': [[[-584000.0, -110000.0], [-582000.0, -110000.0], [-582000.0, -108000.0], [-584000.0, -108000.0], [-584000.0, -110000.0]]]}",2028
3,0.287060022354126,"{'type': 'Polygon', 'coordinates': [[[-582000.0, -110000.0], [-580000.0, -110000.0], [-580000.0, -108000.0], [-582000.0, -108000.0], [-582000.0, -110000.0]]]}",2028
4,0.17809993028640747,"{'type': 'Polygon', 'coordinates': [[[-588000.0, -108000.0], [-586000.0, -108000.0], [-586000.0, -106000.0], [-588000.0, -106000.0], [-588000.0, -108000.0]]]}",2028
5,0.2557156980037689,"{'type': 'Polygon', 'coordinates': [[[-586000.0, -108000.0], [-584000.0, -108000.0], [-584000.0, -106000.0], [-586000.0, -106000.0], [-586000.0, -108000.0]]]}",2028
6,0.2394830733537674,"{'type': 'Polygon', 'coordinates': [[[-584000.0, -108000.0], [-582000.0, -108000.0], [-582000.0, -106000.0], [-584000.0, -106000.0], [-584000.0, -108000.0]]]}",2028
7,0.23077581822872162,"{'type': 'Polygon', 'coordinates': [[[-582000.0, -108000.0], [-580000.0, -108000.0], [-580000.0, -106000.0], [-582000.0, -106000.0], [-582000.0, -108000.0]]]}",2028
8,0.19003911316394806,"{'type': 'Polygon', 'coordinates': [[[-588000.0, -106000.0], [-586000.0, -106000.0], [-586000.0, -104000.0], [-588000.0, -104000.0], [-588000.0, -106000.0]]]}",2028
9,0.2674226462841034,"{'type': 'Polygon', 'coordinates': [[[-586000.0, -106000.0], [-584000.0, -106000.0], [-584000.0, -104000.0], [-586000.0, -104000.0], [-586000.0, -106000.0]]]}",2028
10,0.2650010585784912,"{'type': 'Polygon', 'coordinates': [[[-584000.0, -106000.0], [-582000.0, -106000.0], [-582000.0, -104000.0], [-584000.0, -104000.0], [-584000.0, -106000.0]]]}",2028
11,0.2855512201786041,"{'type': 'Polygon', 'coordinates': [[[-582000.0, -106000.0], [-580000.0, -106000.0], [-580000.0, -104000.0], [-582000.0, -104000.0], [-582000.0, -106000.0]]]}",2028
12,0.15297655761241913,"{'type': 'Polygon', 'coordinates': [[[-588000.0, -104000.0], [-586000.0, -104000.0], [-586000.0, -102000.0], [-588000.0, -102000.0], [-588000.0, -104000.0]]]}",2028
13,0.2157994955778122,"{'type': 'Polygon', 'coordinates': [[[-586000.0, -104000.0], [-584000.0, -104000.0], [-584000.0, -102000.0], [-586000.0, -102000.0], [-586000.0, -104000.0]]]}",2028
14,0.2779723107814789,"{'type': 'Polygon', 'coordinates': [[[-584000.0, -104000.0], [-582000.0, -104000.0], [-582000.0, -102000.0], [-584000.0, -102000.0], [-584000.0, -104000.0]]]}",2028
15,0.2707500457763672,"{'type': 'Polygon', 'coordinates': [[[-582000.0, -104000.0], [-580000.0, -104000.0], [-580000.0, -102000.0], [-582000.0, -102000.0], [-582000.0, -104000.0]]]}",2028
0,0.15425899624824524,"{'type': 'Polygon', 'coordinates': [[[-588000.0, -110000.0], [-586000.0, -110000.0], [-586000.0, -108000.0], [-588000.0, -108000.0], [-588000.0, -110000.0]]]}",2029
1,0.25519096851348877,"{'type': 'Polygon', 'coordinates': [[[-586000.0, -110000.0], [-584000.0, -110000.0], [-584000.0, -108000.0], [-586000.0, -108000.0], [-586000.0, -110000.0]]]}",2029
2,0.27667319774627686,"{'type': 'Polygon', 'coordinates': [[[-584000.0, -110000.0], [-582000.0, -110000.0], [-582000.0, -108000.0], [-584000.0, -108000.0], [-584000.0, -110000.0]]]}",2029
3,0.28510794043540955,"{'type': 'Polygon', 'coordinates': [[[-582000.0, -110000.0], [-580000.0, -110000.0], [-580000.0, -108000.0], [-582000.0, -108000.0], [-582000.0, -110000.0]]]}",2029
4,0.1662323921918869,"{'type': 'Polygon', 'coordinates': [[[-588000.0, -108000.0], [-586000.0, -108000.0], [-586000.0, -106000.0], [-588000.0, -106000.0], [-588000.0, -108000.0]]]}",2029
5,0.2512131631374359,"{'type': 'Polygon', 'coordinates': [[[-586000.0, -108000.0], [-584000.0, -108000.0], [-584000.0, -106000.0], [-586000.0, -106000.0], [-586000.0, -108000.0]]]}",2029
6,0.2346055656671524,"{'type': 'Polygon', 'coordinates': [[[-584000.0, -108000.0], [-582000.0, -108000.0], [-582000.0, -106000.0], [-584000.0, -106000.0], [-584000.0, -108000.0]]]}",2029
7,0.23273108899593353,"{'type': 'Polygon', 'coordinates': [[[-582000.0, -108000.0], [-580000.0, -108000.0], [-580000.0, -106000.0], [-582000.0, -106000.0], [-582000.0, -108000.0]]]}",2029
8,0.1732538789510727,"{'type': 'Polygon', 'coordinates': [[[-588000.0, -106000.0], [-586000.0, -106000.0], [-586000.0, -104000.0], [-588000.0, -104000.0], [-588000.0, -106000.0]]]}",2029
9,0.2592177391052246,"{'type': 'Polygon', 'coordinates': [[[-586000.0, -106000.0], [-584000.0, -106000.0], [-584000.0, -104000.0], [-586000.0, -104000.0], [-586000.0, -106000.0]]]}",2029
10,0.25967907905578613,"{'type': 'Polygon', 'coordinates': [[[-584000.0, -106000.0], [-582000.0, -106000.0], [-582000.0, -104000.0], [-584000.0, -104000.0], [-584000.0, -106000.0]]]}",2029
11,0.2819570004940033,"{'type': 'Polygon', 'coordinates': [[[-582000.0, -106000.0], [-580000.0, -106000.0], [-580000.0, -104000.0], [-582000.0, -104000.0], [-582000.0, -106000.0]]]}",2029
12,0.14682306349277496,"{'type': 'Polygon', 'coordinates': [[[-588000.0, -104000.0], [-586000.0, -104000.0], [-586000.0, -102000.0], [-588000.0, -102000.0], [-588000.0, -104000.0]]]}",2029
13,0.19051840901374817,"{'type': 'Polygon', 'coordinates': [[[-586000.0, -104000.0], [-584000.0, -104000.0], [-584000.0, -102000.0], [-586000.0, -102000.0], [-586000.0, -104000.0]]]}",2029
14,0.27486783266067505,"{'type': 'Polygon', 'coordinates': [[[-584000.0, -104000.0], [-582000.0, -104000.0], [-582000.0, -102000.0], [-584000.0, -102000.0], [-584000.0, -104000.0]]]}",2029
15,0.26772046089172363,"{'type': 'Polygon', 'coordinates': [[[-582000.0, -104000.0], [-580000.0, -104000.0], [-580000.0, -102000.0], [-582000.0, -102000.0], [-582000.0, -104000.0]]]}",2029
0,0.2807947099208832,"{'type': 'Polygon', 'coordinates': [[[-588000.0, -110000.0], [-586000.0, -110000.0], [-586000.0, -108000.0], [-588000.0, -108000.0], [-588000.0, -110000.0]]]}",2030
1,0.28079965710639954,"{'type': 'Polygon', 'coordinates': [[[-586000.0, -110000.0], [-584000.0, -110000.0], [-584000.0, -108000.0], [-586000.0, -108000.0], [-586000.0, -110000.0]]]}",2030
2,0.28080078959465027,"{'type': 'Polygon', 'coordinates': [[[-584000.0, -110000.0], [-582000.0, -110000.0], [-582000.0, -108000.0], [-584000.0, -108000.0], [-584000.0, -110000.0]]]}",2030
3,0.2808016538619995,"{'type': 'Polygon', 'coordinates': [[[-582000.0, -110000.0], [-580000.0, -110000.0], [-580000.0, -108000.0], [-582000.0, -108000.0], [-582000.0, -110000.0]]]}",2030
4,0.28079551458358765,"{'type': 'Polygon', 'coordinates': [[[-588000.0, -108000.0], [-586000.0, -108000.0], [-586000.0, -106000.0], [-588000.0, -106000.0], [-588000.0, -108000.0]]]}",2030
5,0.2807995676994324,"{'type': 'Polygon', 'coordinates': [[[-586000.0, -108000.0], [-584000.0, -108000.0], [-584000.0, -106000.0], [-586000.0, -106000.0], [-586000.0, -108000.0]]]}",2030
6,0.28079870343208313,"{'type': 'Polygon', 'coordinates': [[[-584000.0, -108000.0], [-582000.0, -108000.0], [-582000.0, -106000.0], [-584000.0, -106000.0], [-584000.0, -108000.0]]]}",2030
7,0.28079918026924133,"{'type': 'Polygon', 'coordinates': [[[-582000.0, -108000.0], [-580000.0, -108000.0], [-580000.0, -106000.0], [-582000.0, -106000.0], [-582000.0, -108000.0]]]}",2030
8,0.2807963788509369,"{'type': 'Polygon', 'coordinates': [[[-588000.0, -106000.0], [-586000.0, -106000.0], [-586000.0, -104000.0], [-588000.0, -104000.0], [-588000.0, -106000.0]]]}",2030
9,0.28079953789711,"{'type': 'Polygon', 'coordinates': [[[-586000.0, -106000.0], [-584000.0, -106000.0], [-584000.0, -104000.0], [-586000.0, -104000.0], [-586000.0, -106000.0]]]}",2030
10,0.2807994782924652,"{'type': 'Polygon', 'coordinates': [[[-584000.0, -106000.0], [-582000.0, -106000.0], [-582000.0, -104000.0], [-584000.0, -104000.0], [-584000.0, -106000.0]]]}",2030
11,0.28080108761787415,"{'type': 'Polygon', 'coordinates': [[[-582000.0, -106000.0], [-580000.0, -106000.0], [-580000.0, -104000.0], [-582000.0, -104000.0], [-582000.0, -106000.0]]]}",2030
12,0.2807944416999817,"{'type': 'Polygon', 'coordinates': [[[-588000.0, -104000.0], [-586000.0, -104000.0], [-586000.0, -102000.0], [-588000.0, -102000.0], [-588000.0, -104000.0]]]}",2030
13,0.2807975113391876,"{'type': 'Polygon', 'coordinates': [[[-586000.0, -104000.0], [-584000.0, -104000.0], [-584000.0, -102000.0], [-586000.0, -102000.0], [-586000.0, -104000.0]]]}",2030
14,0.2808004319667816,"{'type': 'Polygon', 'coordinates': [[[-584000.0, -104000.0], [-582000.0, -104000.0], [-582000.0, -102000.0], [-584000.0, -102000.0], [-584000.0, -104000.0]]]}",2030
15,0.28080061078071594,"{'type': 'Polygon', 'coordinates': [[[-582000.0, -104000.0], [-580000.0, -104000.0], [-580000.0, -102000.0], [-582000.0, -102000.0], [-582000.0, -104000.0]]]}",2030
0,0.280796080827713,"{'type': 'Polygon', 'coordinates': [[[-588000.0, -110000.0], [-586000.0, -110000.0], [-586000.0, -108000.0], [-588000.0, -108000.0], [-588000.0, -110000.0]]]}",2031
1,0.2808001637458801,"{'type': 'Polygon', 'coordinates': [[[-586000.0, -110000.0], [-584000.0, -110000.0], [-584000.0, -108000.0], [-586000.0, -108000.0], [-586000.0, -110000.0]]]}",2031
2,0.28080156445503235,"{'type': 'Polygon', 'coordinates': [[[-584000.0, -110000.0], [-582000.0, -110000.0], [-582000.0, -108000.0], [-584000.0, -108000.0], [-584000.0, -110000.0]]]}",2031
3,0.2808021903038025,"{'type': 'Polygon', 'coordinates': [[[-582000.0, -110000.0], [-580000.0, -110000.0], [-580000.0, -108000.0], [-582000.0, -108000.0], [-582000.0, -110000.0]]]}",2031
4,0.28079673647880554,"{'type': 'Polygon', 'coordinates': [[[-588000.0, -108000.0], [-586000.0, -108000.0], [-586000.0, -106000.0], [-588000.0, -106000.0], [-588000.0, -108000.0]]]}",2031
5,0.2808002829551697,"{'type': 'Polygon', 'coordinates': [[[-586000.0, -108000.0], [-584000.0, -108000.0], [-584000.0, -106000.0], [-586000.0, -106000.0], [-586000.0, -108000.0]]]}",2031
6,0.2807994782924652,"{'type': 'Polygon', 'coordinates': [[[-584000.0, -108000.0], [-582000.0, -108000.0], [-582000.0, -106000.0], [-584000.0, -106000.0], [-584000.0, -108000.0]]]}",2031
7,0.28079935908317566,"{'type': 'Polygon', 'coordinates': [[[-582000.0, -108000.0], [-580000.0, -108000.0], [-580000.0, -106000.0], [-582000.0, -106000.0], [-582000.0, -108000.0]]]}",2031
8,0.28079739212989807,"{'type': 'Polygon', 'coordinates': [[[-588000.0, -106000.0], [-586000.0, -106000.0], [-586000.0, -104000.0], [-588000.0, -104000.0], [-588000.0, -106000.0]]]}",2031
9,0.2808004319667816,"{'type': 'Polygon', 'coordinates': [[[-586000.0, -106000.0], [-584000.0, -106000.0], [-584000.0, -104000.0], [-586000.0, -104000.0], [-586000.0, -106000.0]]]}",2031
10,0.28080040216445923,"{'type': 'Polygon', 'coordinates': [[[-584000.0, -106000.0], [-582000.0, -106000.0], [-582000.0, -104000.0], [-584000.0, -104000.0], [-584000.0, -106000.0]]]}",2031
11,0.2808012366294861,"{'type': 'Polygon', 'coordinates': [[[-582000.0, -106000.0], [-580000.0, -106000.0], [-580000.0, -104000.0], [-582000.0, -104000.0], [-582000.0, -106000.0]]]}",2031
12,0.2807941734790802,"{'type': 'Polygon', 'coordinates': [[[-588000.0, -104000.0], [-586000.0, -104000.0], [-586000.0, -102000.0], [-588000.0, -102000.0], [-588000.0, -104000.0]]]}",2031
13,0.28079742193222046,"{'type': 'Polygon', 'coordinates': [[[-586000.0, -104000.0], [-584000.0, -104000.0], [-584000.0, -102000.0], [-586000.0, -102000.0], [-586000.0, -104000.0]]]}",2031
14,0.2808011472225189,"{'type': 'Polygon', 'coordinates': [[[-584000.0, -104000.0], [-582000.0, -104000.0], [-582000.0, -102000.0], [-584000.0, -102000.0], [-584000.0, -104000.0]]]}",2031
15,0.28080058097839355,"{'type': 'Polygon', 'coordinates': [[[-582000.0, -104000.0], [-580000.0, -104000.0], [-580000.0, -102000.0], [-582000.0, -102000.0], [-582000.0, -104000.0]]]}",2031
0,0.2807965874671936,"{'type': 'Polygon', 'coordinates': [[[-588000.0, -110000.0], [-586000.0, -110000.0], [-586000.0, -108000.0], [-588000.0, -108000.0], [-588000.0, -110000.0]]]}",2032
1,0.28080129623413086,"{'type': 'Polygon', 'coordinates': [[[-586000.0, -110000.0], [-584000.0, -110000.0], [-584000.0, -108000.0], [-586000.0, -108000.0], [-586000.0, -110000.0]]]}",2032
2,0.28080201148986816,"{'type': 'Polygon', 'coordinates': [[[-584000.0, -110000.0], [-582000.0, -110000.0], [-582000.0, -108000.0], [-584000.0, -108000.0], [-584000.0, -110000.0]]]}",2032
3,0.28080233931541443,"{'type': 'Polygon', 'coordinates': [[[-582000.0, -110000.0], [-580000.0, -110000.0], [-580000.0, -108000.0], [-582000.0, -108000.0], [-582000.0, -110000.0]]]}",2032
4,0.2807975113391876,"{'type': 'Polygon', 'coordinates': [[[-588000.0, -108000.0], [-586000.0, -108000.0], [-586000.0, -106000.0], [-588000.0, -106000.0], [-588000.0, -108000.0]]]}",2032
5,0.28080105781555176,"{'type': 'Polygon', 'coordinates': [[[-586000.0, -108000.0], [-584000.0, -108000.0], [-584000.0, -106000.0], [-586000.0, -106000.0], [-586000.0, -108000.0]]]}",2032
6,0.2807999849319458,"{'type': 'Polygon', 'coordinates': [[[-584000.0, -108000.0], [-582000.0, -108000.0], [-582000.0, -106000.0], [-584000.0, -106000.0], [-584000.0, -108000.0]]]}",2032
7,0.28079983592033386,"{'type': 'Polygon', 'coordinates': [[[-582000.0, -108000.0], [-580000.0, -108000.0], [-580000.0, -106000.0], [-582000.0, -106000.0], [-582000.0, -108000.0]]]}",2032
8,0.28079745173454285,"{'type': 'Polygon', 'coordinates': [[[-588000.0, -106000.0], [-586000.0, -106000.0], [-586000.0, -104000.0], [-588000.0, -104000.0], [-588000.0, -106000.0]]]}",2032
9,0.2808009684085846,"{'type': 'Polygon', 'coordinates': [[[-586000.0, -106000.0], [-584000.0, -106000.0], [-584000.0, -104000.0], [-586000.0, -104000.0], [-586000.0, -106000.0]]]}",2032
10,0.2808006703853607,"{'type': 'Polygon', 'coordinates': [[[-584000.0, -106000.0], [-582000.0, -106000.0], [-582000.0, -104000.0], [-584000.0, -104000.0], [-584000.0, -106000.0]]]}",2032
11,0.280801922082901,"{'type': 'Polygon', 'coordinates': [[[-582000.0, -106000.0], [-580000.0, -106000.0], [-580000.0, -104000.0], [-582000.0, -104000.0], [-582000.0, -106000.0]]]}",2032
12,0.28079476952552795,"{'type': 'Polygon', 'coordinates': [[[-588000.0, -104000.0], [-586000.0, -104000.0], [-586000.0, -102000.0], [-588000.0, -102000.0], [-588000.0, -104000.0]]]}",2032
13,0.2807982861995697,"{'type': 'Polygon', 'coordinates': [[[-586000.0, -104000.0], [-584000.0, -104000.0], [-584000.0, -102000.0], [-586000.0, -102000.0], [-586000.0, -104000.0]]]}",2032
14,0.28080102801322937,"{'type': 'Polygon', 'coordinates': [[[-584000.0, -104000.0], [-582000.0, -104000.0], [-582000.0, -102000.0], [-584000.0, -102000.0], [-584000.0, -104000.0]]]}",2032
15,0.28080078959465027,"{'type': 'Polygon', 'coordinates': [[[-582000.0, -104000.0], [-580000.0, -104000.0], [-580000.0, -102000.0], [-582000.0, -102000.0], [-582000.0, -104000.0]]]}",2032
